vintage_year,release_date,last_historical_month,date,status,price,storage,hdd,hdd_normal,cdd,cdd_normal
2017,2017-07-11,2017-06-01,2013-01-01,history_or_estimate,3.329,2699.226,827.75131307,877.72691487,15.085820784,8.8248344348
2017,2017-07-11,2017-06-01,2013-02-01,history_or_estimate,3.33,2099.354,732.89542628,741.09302309,10.749545091,8.553695176
2017,2017-07-11,2017-06-01,2013-03-01,history_or_estimate,3.81,1719.844,659.46465144,552.7370581,11.328283458,24.296279394
2017,2017-07-11,2017-06-01,2013-04-01,history_or_estimate,4.166,1855.187,347.76599699,317.31398547,34.222339323,36.72632038
2017,2017-07-11,2017-06-01,2013-05-01,history_or_estimate,4.041,2269.563,136.03692201,146.89935885,99.876406594,115.43115625
2017,2017-07-11,2017-06-01,2013-06-01,history_or_estimate,3.826,2642.648,26.405798493,34.563120254,245.00794123,235.29942957
2017,2017-07-11,2017-06-01,2013-07-01,history_or_estimate,3.623,2936.86,5.1503446205,6.8480099029,338.79206722,347.75509038
2017,2017-07-11,2017-06-01,2013-08-01,history_or_estimate,3.425,3212.006,11.554915977,11.356067358,288.71187065,323.33224946
2017,2017-07-11,2017-06-01,2013-09-01,history_or_estimate,3.619,3564.504,59.418613353,58.952827103,177.45721406,173.81078967
2017,2017-07-11,2017-06-01,2013-10-01,history_or_estimate,3.677,3816.995,257.17649101,263.33630125,56.300247352,57.508205174
2017,2017-07-11,2017-06-01,2013-11-01,history_or_estimate,3.638,3605.336,571.75983815,497.65594992,17.761229663,17.531345698
2017,2017-07-11,2017-06-01,2013-12-01,history_or_estimate,4.24,2889.892,828.88093069,796.69660283,13.26957832,8.7134405
2017,2017-07-11,2017-06-01,2014-01-01,history_or_estimate,4.713,1924.922,969.4736015,865.67235378,7.1921024532,9.8182201521
2017,2017-07-11,2017-06-01,2014-02-01,history_or_estimate,5.999,1199.987,798.57950965,733.77601809,11.81785149,8.7696935414
2017,2017-07-11,2017-06-01,2014-03-01,history_or_estimate,4.903,857.31,682.74720251,560.64409448,15.163445702,22.924926763
2017,2017-07-11,2017-06-01,2014-04-01,history_or_estimate,4.658,1066.38,324.62052773,316.09537769,37.274104131,37.068807086
2017,2017-07-11,2017-06-01,2014-05-01,history_or_estimate,4.581,1547.944,126.82184044,142.85402178,113.36196057,114.64306
2017,2017-07-11,2017-06-01,2014-06-01,history_or_estimate,4.588,2005.475,27.799616451,32.724639175,242.72713981,241.60681423
2017,2017-07-11,2017-06-01,2014-07-01,history_or_estimate,4.049,2399.974,9.8152330397,6.8415513761,300.75680586,348.55108856
2017,2017-07-11,2017-06-01,2014-08-01,history_or_estimate,3.912,2768.398,12.964399933,11.86054005,291.90910366,318.73591143
2017,2017-07-11,2017-06-01,2014-09-01,history_or_estimate,3.924,3187.016,57.397647322,58.16929644,182.64610756,176.34196265
2017,2017-07-11,2017-06-01,2014-10-01,history_or_estimate,3.781,3587.27,220.51134307,262.4232927,73.965070559,56.744985239
2017,2017-07-11,2017-06-01,2014-11-01,history_or_estimate,4.122,3426.868,614.08809709,505.88418078,11.024395412,17.043059405
2017,2017-07-11,2017-06-01,2014-12-01,history_or_estimate,3.482,3141.222,705.32718649,800.34564405,10.441901888,9.5309800433
2017,2017-07-11,2017-06-01,2015-01-01,history_or_estimate,2.994,2414.941,890.14198735,865.82729255,9.3498884343,9.7882686721
2017,2017-07-11,2017-06-01,2015-02-01,history_or_estimate,2.873,1674.065,866.90672669,737.00046437,7.1078789003,9.1924143001
2017,2017-07-11,2017-06-01,2015-03-01,history_or_estimate,2.831,1480.135,583.76638075,579.17721166,29.511519851,21.523511725
2017,2017-07-11,2017-06-01,2015-04-01,history_or_estimate,2.61,1801.947,299.72743476,317.38466268,53.290285922,37.922580078
2017,2017-07-11,2017-06-01,2015-05-01,history_or_estimate,2.849,2296.289,118.76823681,143.88135779,126.09057502,112.48043432
2017,2017-07-11,2017-06-01,2015-06-01,history_or_estimate,2.784,2655.816,24.317887496,31.380805297,255.15601258,245.63693335
2017,2017-07-11,2017-06-01,2015-07-01,history_or_estimate,2.839,2932.698,6.4525934936,6.92839042,335.7088216,349.17502385
2017,2017-07-11,2017-06-01,2015-08-01,history_or_estimate,2.774,3249.899,10.962547719,11.00101582,315.03851163,323.13735461
2017,2017-07-11,2017-06-01,2015-09-01,history_or_estimate,2.66,3622.385,31.947877524,58.627082129,222.87583511,177.48905881
2017,2017-07-11,2017-06-01,2015-10-01,history_or_estimate,2.341,3950.576,226.92970128,258.5325432,76.970329473,57.305647106
2017,2017-07-11,2017-06-01,2015-11-01,history_or_estimate,2.093,3935.159,445.17654913,517.6302434,29.392925529,16.23889779
2017,2017-07-11,2017-06-01,2015-12-01,history_or_estimate,1.929,3674.975,581.24324865,790.63870049,25.910641408,9.9759057197
2017,2017-07-11,2017-06-01,2016-01-01,history_or_estimate,2.283,2946.522,870.81967383,869.38554677,7.2500236668,9.58673064
2017,2017-07-11,2017-06-01,2016-02-01,history_or_estimate,1.989,2542.781,627.91312641,756.33618692,10.997890663,8.984252287
2017,2017-07-11,2017-06-01,2016-03-01,history_or_estimate,1.729,2495.045,449.81896876,572.88655744,35.235701436,23.085054843
2017,2017-07-11,2017-06-01,2016-04-01,history_or_estimate,1.917,2653.759,309.79038857,315.9094065,41.954452877,40.721362197
2017,2017-07-11,2017-06-01,2016-05-01,history_or_estimate,1.922,2974.793,150.52137402,136.52808618,97.131537516,116.78663212
2017,2017-07-11,2017-06-01,2016-06-01,history_or_estimate,2.587,3194.42,20.936145245,30.734851122,270.65415021,246.72557333
2017,2017-07-11,2017-06-01,2016-07-01,history_or_estimate,2.822,3326.541,5.6403394954,7.1492017563,383.12155341,346.27220443
2017,2017-07-11,2017-06-01,2016-08-01,history_or_estimate,2.822,3449.813,6.4089675865,11.302273365,361.24349939,320.15999688
2017,2017-07-11,2017-06-01,2016-09-01,history_or_estimate,2.992,3713.551,38.656800633,57.515846276,219.39839548,178.84217417
2017,2017-07-11,2017-06-01,2016-10-01,history_or_estimate,2.977,4021.106,197.44006464,256.96024902,86.114310473,59.394955721
2017,2017-07-11,2017-06-01,2016-11-01,history_or_estimate,2.548,3984.964,417.93475785,514.85086593,25.592381083,17.035517988
2017,2017-07-11,2017-06-01,2016-12-01,history_or_estimate,3.591,3304.56,782.60646518,762.43805143,16.542711235,11.999186752
2017,2017-07-11,2017-06-01,2017-01-01,history_or_estimate,3.304,2630.959,766.81600948,887.68515206,16.47850071,8.8627546099
2017,2017-07-11,2017-06-01,2017-02-01,history_or_estimate,2.852,2346.113,546.92965262,746.75435277,21.65675773,9.4558861691
2017,2017-07-11,2017-06-01,2017-03-01,history_or_estimate,2.88,2071.547,543.25539168,557.6146929,31.568435026,24.484219424
2017,2017-07-11,2017-06-01,2017-04-01,history_or_estimate,3.103,2300.584,247.83985622,319.35692158,55.928149195,39.387730071
2017,2017-07-11,2017-06-01,2017-05-01,history_or_estimate,3.1495,2631.1562857,149.88163866,137.27264611,117.7900106,115.61875918
2017,2017-07-11,2017-06-01,2017-06-01,history_or_estimate,2.976,2919.911,28.869653517,30.22583731,256.50138514,250.47768443
2017,2017-07-11,2017-06-01,2017-07-01,forecast,3.054847,3137.012,6.5916877298,7.412205,347.59447027,346.42
2017,2017-07-11,2017-06-01,2017-08-01,forecast,3.092131,3337.13,10.569052804,10.78893,322.19446897,323.3261
2017,2017-07-11,2017-06-01,2017-09-01,forecast,3.102261,3675.793,57.821781544,52.66552,174.65297086,187.3227
2017,2017-07-11,2017-06-01,2017-10-01,forecast,3.124473,3942.635,252.70790114,245.5798,61.905871431,63.30654
2017,2017-07-11,2017-06-01,2017-11-01,forecast,3.206879,3814.167,499.24347351,509.087,19.638071089,18.06425
2017,2017-07-11,2017-06-01,2017-12-01,forecast,3.389514,3293.168,782.52000716,771.5148,9.0855796987,12.3211
2017,2017-07-11,2017-06-01,2018-01-01,forecast,3.501452,2540.288,857.26376678,880.3856,9.1705658927,9.353513
2017,2017-07-11,2017-06-01,2018-02-01,forecast,3.496331,1986.792,695.04008092,717.462,9.855246712,10.96806
2017,2017-07-11,2017-06-01,2018-03-01,forecast,3.449605,1798.813,569.90482874,561.9237,20.276945108,24.48545
2017,2017-07-11,2017-06-01,2018-04-01,forecast,3.298695,1993.312,319.26127654,306.7605,36.499542104,42.5001
2017,2017-07-11,2017-06-01,2018-05-01,forecast,3.261108,2368.948,142.61835514,140.4547,114.94868418,115.6058
2017,2017-07-11,2017-06-01,2018-06-01,forecast,3.276741,2690.738,31.379038569,30.35335,234.40417154,252.9486
2017,2017-07-11,2017-06-01,2018-07-01,forecast,3.289555,2933.925,6.6100689352,7.421062,344.28875206,350.4596
2017,2017-07-11,2017-06-01,2018-08-01,forecast,3.286052,3159.308,11.127145161,10.95006,319.84281728,319.3569
2017,2017-07-11,2017-06-01,2018-09-01,forecast,3.34584,3501.232,57.736159011,53.42771,175.15318734,186.1216
2017,2017-07-11,2017-06-01,2018-10-01,forecast,3.396085,3793.757,252.23282368,252.6029,62.189672686,61.38848
2017,2017-07-11,2017-06-01,2018-11-01,forecast,3.510017,3704.691,498.57119489,506.7987,19.757753967,18.22461
2017,2017-07-11,2017-06-01,2018-12-01,forecast,3.656231,3150.576,781.50548184,770.0156,9.1286634022,11.85296
2018,2018-07-10,2018-06-01,2014-01-01,history_or_estimate,4.713,1924.922,969.87757335,865.85439194,7.0752922606,9.8105668041
2018,2018-07-10,2018-06-01,2014-02-01,history_or_estimate,5.999,1199.987,798.69465843,733.9001387,11.939348924,8.7726745788
2018,2018-07-10,2018-06-01,2014-03-01,history_or_estimate,4.903,857.31,683.01929742,560.85407505,15.25309408,22.898055299
2018,2018-07-10,2018-06-01,2014-04-01,history_or_estimate,4.658,1066.38,324.72267794,316.21119563,37.298187455,37.037410744
2018,2018-07-10,2018-06-01,2014-05-01,history_or_estimate,4.581,1547.944,126.86140163,142.93548848,113.3250675,114.60972452
2018,2018-07-10,2018-06-01,2014-06-01,history_or_estimate,4.588,2005.475,27.932951747,32.761893079,242.64073882,241.44632964
2018,2018-07-10,2018-06-01,2014-07-01,history_or_estimate,4.049,2399.974,9.8035314633,6.8461774819,300.86378954,348.35435503
2018,2018-07-10,2018-06-01,2014-08-01,history_or_estimate,3.912,2768.398,12.99031467,11.884507587,292.00611915,318.66228423
2018,2018-07-10,2018-06-01,2014-09-01,history_or_estimate,3.924,3187.016,57.49719829,58.224002224,182.66603876,176.24033347
2018,2018-07-10,2018-06-01,2014-10-01,history_or_estimate,3.781,3587.27,220.5881255,262.52963079,74.237480741,56.677926145
2018,2018-07-10,2018-06-01,2014-11-01,history_or_estimate,4.122,3426.868,614.16135656,506.02442345,11.123626014,17.030052287
2018,2018-07-10,2018-06-01,2014-12-01,history_or_estimate,3.482,3141.222,705.65981817,800.51503749,10.310241635,9.5428272566
2018,2018-07-10,2018-06-01,2015-01-01,history_or_estimate,2.994,2407.121,890.24531815,866.04097403,9.2002686189,9.7689343055
2018,2018-07-10,2018-06-01,2015-02-01,history_or_estimate,2.873,1665.548,867.04392412,737.12241195,7.283552242,9.2016187982
2018,2018-07-10,2018-06-01,2015-03-01,history_or_estimate,2.831,1471.476,583.84377257,579.39639153,29.404568589,21.505605105
2018,2018-07-10,2018-06-01,2015-04-01,history_or_estimate,2.61,1793.086,299.84146717,317.50024167,53.294944879,37.901235451
2018,2018-07-10,2018-06-01,2015-05-01,history_or_estimate,2.849,2287.238,118.73716284,143.95696524,125.90188322,112.45262047
2018,2018-07-10,2018-06-01,2015-06-01,history_or_estimate,2.784,2646.533,24.274779759,31.427402144,255.02621928,245.4783827
2018,2018-07-10,2018-06-01,2015-07-01,history_or_estimate,2.839,2924.426,6.4316002299,6.9318463615,336.16293985,349.01424407
2018,2018-07-10,2018-06-01,2015-08-01,history_or_estimate,2.774,3241.631,10.980928292,11.032360022,315.32241466,323.07828228
2018,2018-07-10,2018-06-01,2015-09-01,history_or_estimate,2.66,3614.08,31.886903175,58.676543011,223.25642155,177.40459078
2018,2018-07-10,2018-06-01,2015-10-01,history_or_estimate,2.341,3942.279,227.19964088,258.62913146,77.022172047,57.270721947
2018,2018-07-10,2018-06-01,2015-11-01,history_or_estimate,2.093,3926.822,445.21403107,517.75375335,29.781677156,16.240390897
2018,2018-07-10,2018-06-01,2015-12-01,history_or_estimate,1.929,3666.632,581.27966738,790.83746487,26.279411907,9.9685865604
2018,2018-07-10,2018-06-01,2016-01-01,history_or_estimate,2.283,2938.089,870.80365241,869.58774285,7.4435867583,9.5524342886
2018,2018-07-10,2018-06-01,2016-02-01,history_or_estimate,1.989,2534.292,628.00628692,756.46152406,11.156961324,9.0110241182
2018,2018-07-10,2018-06-01,2016-03-01,history_or_estimate,1.729,2486.322,449.8119853,573.09030269,35.196850976,23.065697643
2018,2018-07-10,2018-06-01,2016-04-01,history_or_estimate,1.917,2645.56,309.47070351,316.01804855,42.468016201,40.694451924
2018,2018-07-10,2018-06-01,2016-05-01,history_or_estimate,1.922,2966.265,150.50872313,136.59071262,97.526328186,116.74427329
2018,2018-07-10,2018-06-01,2016-06-01,history_or_estimate,2.587,3186.032,20.790452062,30.773302261,270.73293584,246.56287977
2018,2018-07-10,2018-06-01,2016-07-01,history_or_estimate,2.822,3318.139,5.6518742544,7.1505583737,383.77925397,346.16615763
2018,2018-07-10,2018-06-01,2016-08-01,history_or_estimate,2.822,3441.325,6.3904489589,11.334264026,361.91261586,320.13119971
2018,2018-07-10,2018-06-01,2016-09-01,history_or_estimate,2.992,3705.161,38.827468618,57.546056867,219.17432133,178.79815693
2018,2018-07-10,2018-06-01,2016-10-01,history_or_estimate,2.977,4012.723,197.6248088,257.07569756,86.384993531,59.365214807
2018,2018-07-10,2018-06-01,2016-11-01,history_or_estimate,2.548,3976.581,418.20225466,514.97148159,25.519194019,17.081949433
2018,2018-07-10,2018-06-01,2016-12-01,history_or_estimate,3.591,3296.944,783.00140566,762.62038723,16.544830332,12.02874464
2018,2018-07-10,2018-06-01,2017-01-01,history_or_estimate,3.304,2622.158,767.09456268,887.84509676,16.473943731,8.8478145606
2018,2018-07-10,2018-06-01,2017-02-01,history_or_estimate,2.852,2337.331,547.8233584,746.873908,21.507410286,9.5020179362
2018,2018-07-10,2018-06-01,2017-03-01,history_or_estimate,2.88,2062.504,543.59429838,557.80503031,31.786690734,24.461952353
2018,2018-07-10,2018-06-01,2017-04-01,history_or_estimate,3.103,2291.25,248.30304144,319.41728543,55.932301786,39.421244238
2018,2018-07-10,2018-06-01,2017-05-01,history_or_estimate,3.15,2626.507,154.20320701,137.32912871,105.14595266,115.62151443
2018,2018-07-10,2018-06-01,2017-06-01,history_or_estimate,2.975,2906.808,24.895799071,30.247597071,240.98501855,250.32796771
2018,2018-07-10,2018-06-01,2017-07-01,history_or_estimate,2.984,3054.151,5.2349554498,7.4168523541,362.95288668,346.39311997
2018,2018-07-10,2018-06-01,2017-08-01,history_or_estimate,2.9,3249.896,15.247991617,10.819071568,291.64543645,323.37298944
2018,2018-07-10,2018-06-01,2017-09-01,history_or_estimate,2.976,3567.228,44.651790648,52.708394227,183.55588066,187.27199946
2018,2018-07-10,2018-06-01,2017-10-01,history_or_estimate,2.879,3816.496,193.0346448,245.70336755,77.321738278,63.31081214
2018,2018-07-10,2018-06-01,2017-11-01,history_or_estimate,3.014,3709.263,490.12273144,509.22692469,27.494819233,18.10335963
2018,2018-07-10,2018-06-01,2017-12-01,history_or_estimate,2.821,3032.265,797.31040231,771.72428482,9.9670000527,12.356962302
2018,2018-07-10,2018-06-01,2018-01-01,history_or_estimate,3.69,2140.181,896.43496956,880.54269882,7.5889952464,9.3410584453
2018,2018-07-10,2018-06-01,2018-02-01,history_or_estimate,2.67,1672.387,625.02455511,717.66130508,22.782039153,10.999261033
2018,2018-07-10,2018-06-01,2018-03-01,history_or_estimate,2.693,1391.388,608.73888531,562.1309365,20.91306629,24.47691147
2018,2018-07-10,2018-06-01,2018-04-01,history_or_estimate,2.796,1426.543,410.81846976,306.85946097,32.643340624,42.540993059
2018,2018-07-10,2018-06-01,2018-05-01,history_or_estimate,2.803,1835.9791429,86.800260433,140.93948576,171.45926894,114.33968474
2018,2018-07-10,2018-06-01,2018-06-01,history_or_estimate,2.967,2193.0585714,21.71109003,29.979169262,275.17396883,251.2613762
2018,2018-07-10,2018-06-01,2018-07-01,forecast,2.99,2463.691,6.8184252061,7.288439,346.05462346,351.986
2018,2018-07-10,2018-06-01,2018-08-01,forecast,2.99,2747.994,10.349777621,11.4469,321.52311408,316.3615
2018,2018-07-10,2018-06-01,2018-09-01,forecast,2.99,3142.57,56.409445498,52.15288,174.18388183,186.9598
2018,2018-07-10,2018-06-01,2018-10-01,forecast,3.03,3504.023,248.49548361,246.7503,61.07606523,62.95478
2018,2018-07-10,2018-06-01,2018-11-01,forecast,3.069055,3482.649,496.88229925,506.0191,19.130829267,19.04496
2018,2018-07-10,2018-06-01,2018-12-01,forecast,3.216371,2972.197,783.73490211,771.6911,8.9544453863,11.97696
2018,2018-07-10,2018-06-01,2019-01-01,forecast,3.231867,2243.678,856.9974191,881.6137,9.2371125077,9.277052
2018,2018-07-10,2018-06-01,2019-02-01,forecast,3.191904,1740.534,690.78041307,707.2141,9.9599068239,11.96814
2018,2018-07-10,2018-06-01,2019-03-01,forecast,3.040652,1563.866,559.02941397,561.9129,20.609018901,24.6135
2018,2018-07-10,2018-06-01,2019-04-01,forecast,2.889574,1794.045,310.03473115,315.3551,37.559031452,42.58499
2018,2018-07-10,2018-06-01,2019-05-01,forecast,2.900373,2229.974,136.64536618,130.7419,119.59416995,122.1577
2018,2018-07-10,2018-06-01,2019-06-01,forecast,2.920454,2550.148,30.668215134,29.15913,238.5767317,252.6231
2018,2018-07-10,2018-06-01,2019-07-01,forecast,2.931746,2774.817,7.0908011572,7.26641,347.68391753,353.4858
2018,2018-07-10,2018-06-01,2019-08-01,forecast,2.974656,2999.338,11.22171076,10.94023,321.15112916,320.3791
2018,2018-07-10,2018-06-01,2019-09-01,forecast,3.017238,3303.629,58.494440864,52.2267,175.68281206,187.3155
2018,2018-07-10,2018-06-01,2019-10-01,forecast,3.034442,3571.253,248.05654827,243.1862,61.340252039,64.1286
2018,2018-07-10,2018-06-01,2019-11-01,forecast,3.095397,3460.971,496.23318064,502.1948,19.2260668,19.63605
2018,2018-07-10,2018-06-01,2019-12-01,forecast,3.245813,2858.919,782.81795423,767.4551,8.9928303234,11.91221
2019,2019-07-09,2019-06-01,2015-01-01,history_or_estimate,2.994,2407.121,890.20462623,866.04140173,9.1912730662,9.7685780979
2019,2019-07-09,2019-06-01,2015-02-01,history_or_estimate,2.873,1665.548,866.94506231,737.13595401,7.2802539553,9.2011531134
2019,2019-07-09,2019-06-01,2015-03-01,history_or_estimate,2.831,1471.476,583.69379683,579.39236411,29.397591796,21.507715145
2019,2019-07-09,2019-06-01,2015-04-01,history_or_estimate,2.61,1793.086,299.78821566,317.50417221,53.305920749,37.905003851
2019,2019-07-09,2019-06-01,2015-05-01,history_or_estimate,2.849,2287.238,118.76727273,143.95408022,125.90936273,112.46045488
2019,2019-07-09,2019-06-01,2015-06-01,history_or_estimate,2.784,2646.533,24.282104885,31.431434791,255.13202313,245.4981283
2019,2019-07-09,2019-06-01,2015-07-01,history_or_estimate,2.839,2924.426,6.4382275046,6.9340141886,336.22825063,349.02359697
2019,2019-07-09,2019-06-01,2015-08-01,history_or_estimate,2.774,3241.631,10.99147154,11.034262419,315.3513021,323.09804287
2019,2019-07-09,2019-06-01,2015-09-01,history_or_estimate,2.66,3614.08,31.915140447,58.687005883,223.28409828,177.41377002
2019,2019-07-09,2019-06-01,2015-10-01,history_or_estimate,2.341,3942.279,227.13223896,258.63749311,77.05822419,57.273782905
2019,2019-07-09,2019-06-01,2015-11-01,history_or_estimate,2.093,3926.822,445.230432,517.76066442,29.77942135,16.239985956
2019,2019-07-09,2019-06-01,2015-12-01,history_or_estimate,1.929,3666.632,581.35946475,790.84949093,26.274015477,9.9670224212
2019,2019-07-09,2019-06-01,2016-01-01,history_or_estimate,2.283,2938.089,870.70332482,869.58410147,7.442591816,9.5511785214
2019,2019-07-09,2019-06-01,2016-02-01,history_or_estimate,1.989,2534.292,627.85469726,756.46489461,11.163289211,9.010228601
2019,2019-07-09,2019-06-01,2016-03-01,history_or_estimate,1.729,2486.322,449.69961276,573.07099217,35.224028476,23.067109999
2019,2019-07-09,2019-06-01,2016-04-01,history_or_estimate,1.917,2645.56,309.37044967,316.01826088,42.506396702,40.699317909
2019,2019-07-09,2019-06-01,2016-05-01,history_or_estimate,1.922,2966.265,150.4529306,136.59083859,97.612194105,116.75285565
2019,2019-07-09,2019-06-01,2016-06-01,history_or_estimate,2.587,3186.032,20.802811789,30.778067424,270.86649249,246.59320576
2019,2019-07-09,2019-06-01,2016-07-01,history_or_estimate,2.822,3318.139,5.6639818971,7.1533889301,383.86723615,346.18015029
2019,2019-07-09,2019-06-01,2016-08-01,history_or_estimate,2.822,3441.325,6.4028873342,11.337220751,361.96219383,320.15384906
2019,2019-07-09,2019-06-01,2016-09-01,history_or_estimate,2.992,3705.161,38.855767749,57.556424059,219.28881755,178.81010388
2019,2019-07-09,2019-06-01,2016-10-01,history_or_estimate,2.977,4012.723,197.54607181,257.077319,86.493173079,59.371880997
2019,2019-07-09,2019-06-01,2016-11-01,history_or_estimate,2.548,3976.581,418.06465138,514.9819219,25.54959723,17.081318917
2019,2019-07-09,2019-06-01,2016-12-01,history_or_estimate,3.591,3296.944,782.91352505,762.64256879,16.557854433,12.026640859
2019,2019-07-09,2019-06-01,2017-01-01,history_or_estimate,3.304,2622.158,766.29638853,887.83142263,16.663148091,8.8464592976
2019,2019-07-09,2019-06-01,2017-02-01,history_or_estimate,2.852,2337.331,547.07809648,746.86211962,21.737311949,9.5018552067
2019,2019-07-09,2019-06-01,2017-03-01,history_or_estimate,2.88,2062.504,542.51256571,557.77448256,31.944089224,24.466082456
2019,2019-07-09,2019-06-01,2017-04-01,history_or_estimate,3.103,2291.25,247.83569192,319.40718449,55.953113091,39.429948288
2019,2019-07-09,2019-06-01,2017-05-01,history_or_estimate,3.15,2626.507,153.7124438,137.32367539,105.75397253,115.64056943
2019,2019-07-09,2019-06-01,2017-06-01,history_or_estimate,2.975,2906.808,24.729329369,30.253598206,241.40321084,250.37193754
2019,2019-07-09,2019-06-01,2017-07-01,history_or_estimate,2.984,3054.151,5.2156320071,7.420893677,363.10332434,346.41591088
2019,2019-07-09,2019-06-01,2017-08-01,history_or_estimate,2.9,3249.896,15.165434734,10.823272136,292.22535173,323.4005966
2019,2019-07-09,2019-06-01,2017-09-01,history_or_estimate,2.976,3567.228,44.50680279,52.721879775,184.36093648,187.29539607
2019,2019-07-09,2019-06-01,2017-10-01,history_or_estimate,2.879,3816.496,192.87689646,245.69711524,77.792516428,63.328296302
2019,2019-07-09,2019-06-01,2017-11-01,history_or_estimate,3.014,3709.263,489.98299234,509.22360466,27.433118869,18.105769439
2019,2019-07-09,2019-06-01,2017-12-01,history_or_estimate,2.821,3032.601,797.70663007,771.7379671,10.124252989,12.356160934
2019,2019-07-09,2019-06-01,2018-01-01,history_or_estimate,3.69,2140.869,895.95420465,880.4532558,7.5998661472,9.3586236181
2019,2019-07-09,2019-06-01,2018-02-01,history_or_estimate,2.67,1673.327,624.41671794,717.57499055,23.032899902,11.022088469
2019,2019-07-09,2019-06-01,2018-03-01,history_or_estimate,2.693,1390.968,608.74402102,561.99351545,21.153351054,24.496781418
2019,2019-07-09,2019-06-01,2018-04-01,history_or_estimate,2.796,1427.489,410.40770058,306.79974269,32.394885286,42.551778235
2019,2019-07-09,2019-06-01,2018-05-01,history_or_estimate,2.8,1848.143,85.445269963,140.88307939,174.50183793,114.42141845
2019,2019-07-09,2019-06-01,2018-06-01,history_or_estimate,2.967,2195.941,26.492091141,29.968523426,269.97618723,251.34716522
2019,2019-07-09,2019-06-01,2018-07-01,history_or_estimate,2.833,2381.994,3.3536640882,7.2905478352,376.23652253,352.02669939
2019,2019-07-09,2019-06-01,2018-08-01,history_or_estimate,2.961,2617.536,7.0291390712,11.442842531,351.41447271,316.44704958
2019,2019-07-09,2019-06-01,2018-09-01,history_or_estimate,2.995,2951.062,37.809860086,52.151866513,231.18593312,187.0636655
2019,2019-07-09,2019-06-01,2018-10-01,history_or_estimate,3.276,3236.949,253.28484202,246.72823451,69.699311802,63.019338183
2019,2019-07-09,2019-06-01,2018-11-01,history_or_estimate,4.091,3030.774,592.91507679,506.00175914,17.733897773,19.041199063
2019,2019-07-09,2019-06-01,2018-12-01,history_or_estimate,4.041,2709.013,731.04663373,771.74344923,10.611449842,11.99188581
2019,2019-07-09,2019-06-01,2019-01-01,history_or_estimate,3.109,1994.081,859.28114152,881.4780616,9.0868342257,9.2957045777
2019,2019-07-09,2019-06-01,2019-02-01,history_or_estimate,2.691,1426.173,719.37925052,707.06891503,18.264732686,12.016049738
2019,2019-07-09,2019-06-01,2019-03-01,history_or_estimate,2.948,1185.225,631.75780331,561.77601287,18.449121781,24.65739975
2019,2019-07-09,2019-06-01,2019-04-01,history_or_estimate,2.647,1559.583,288.01496401,315.25430841,42.413636465,42.57092537
2019,2019-07-09,2019-06-01,2019-05-01,history_or_estimate,2.638,2015.957,158.80322629,130.55186596,128.97620473,122.54372769
2019,2019-07-09,2019-06-01,2019-06-01,history_or_estimate,2.4,2442.9927143,31.026703458,29.626587313,232.4854873,252.18916049
2019,2019-07-09,2019-06-01,2019-07-01,forecast,2.348767,2734.803,7.4700353496,6.922043,340.63530251,356.5447
2019,2019-07-09,2019-06-01,2019-08-01,forecast,2.347867,3033.489,11.525234615,10.60411,316.73027218,323.4539
2019,2019-07-09,2019-06-01,2019-09-01,forecast,2.347347,3448.22,59.449739363,50.36573,172.01703537,193.1197
2019,2019-07-09,2019-06-01,2019-10-01,forecast,2.496975,3796.507,249.84030188,243.6452,61.076772948,65.05549
2019,2019-07-09,2019-06-01,2019-11-01,forecast,2.666781,3708.914,493.91379711,511.7827,19.478054038,19.4926
2019,2019-07-09,2019-06-01,2019-12-01,forecast,2.796697,3171.982,775.33794373,762.2426,9.3433329236,12.09283
2019,2019-07-09,2019-06-01,2020-01-01,forecast,3.046412,2370.672,850.5154514,872.2951,9.8496931289,9.391875
2019,2019-07-09,2019-06-01,2020-02-01,forecast,3.000806,1798.161,686.30721974,709.5644,11.032965929,12.97734
2019,2019-07-09,2019-06-01,2020-03-01,forecast,2.809622,1620.749,558.77473173,567.1964,22.336306899,24.51367
2019,2019-07-09,2019-06-01,2020-04-01,forecast,2.634877,1860.801,311.12476748,310.6161,39.674921642,43.75652
2019,2019-07-09,2019-06-01,2020-05-01,forecast,2.556743,2313.789,137.05907681,132.7812,120.32087823,123.6056
2019,2019-07-09,2019-06-01,2020-06-01,forecast,2.556749,2667.333,29.390614612,28.34199,239.30547003,253.2523
2019,2019-07-09,2019-06-01,2020-07-01,forecast,2.666626,2842.056,6.9439956008,6.136098,348.74220704,361.966
2019,2019-07-09,2019-06-01,2020-08-01,forecast,2.625166,3063.559,11.093857838,10.2968,322.16579595,324.8108
2019,2019-07-09,2019-06-01,2020-09-01,forecast,2.623719,3454.284,58.006119736,50.06548,174.63920812,193.459
2019,2019-07-09,2019-06-01,2020-10-01,forecast,2.7401,3754.493,249.41861671,235.4029,61.327998443,66.25066
2019,2019-07-09,2019-06-01,2020-11-01,forecast,2.897014,3659.02,493.30871637,516.4784,19.570734331,19.6188
2019,2019-07-09,2019-06-01,2020-12-01,forecast,3.062096,3134.532,774.48402453,752.6756,9.3831462322,12.21467
2020,2020-07-07,2020-06-01,2016-01-01,history_or_estimate,2.283,2938.089,870.78703095,869.58827084,7.440560042,9.5484675262
2020,2020-07-07,2020-06-01,2016-02-01,history_or_estimate,1.989,2534.292,627.93085419,756.50125961,11.159724407,9.0066481118
2020,2020-07-07,2020-06-01,2016-03-01,history_or_estimate,1.729,2486.322,449.74364516,573.07858615,35.216666811,23.062230616
2020,2020-07-07,2020-06-01,2016-04-01,history_or_estimate,1.917,2645.56,309.40539027,316.03443172,42.495039172,40.690856689
2020,2020-07-07,2020-06-01,2016-05-01,history_or_estimate,1.922,2966.265,150.46254603,136.59679842,97.534597796,116.72093335
2020,2020-07-07,2020-06-01,2016-06-01,history_or_estimate,2.587,3186.032,20.805959799,30.78030179,270.850305,246.58303076
2020,2020-07-07,2020-06-01,2016-07-01,history_or_estimate,2.822,3318.139,5.6652801715,7.1542927269,383.70547388,346.12985079
2020,2020-07-07,2020-06-01,2016-08-01,history_or_estimate,2.822,3441.325,6.4041284983,11.33832924,361.95328028,320.09204807
2020,2020-07-07,2020-06-01,2016-09-01,history_or_estimate,2.992,3705.161,38.860550064,57.560874995,219.27566681,178.79444197
2020,2020-07-07,2020-06-01,2016-10-01,history_or_estimate,2.977,4012.723,197.567927,257.0826514,86.479280373,59.360425503
2020,2020-07-07,2020-06-01,2016-11-01,history_or_estimate,2.548,3976.581,418.10447043,515.01072705,25.543511745,17.076087445
2020,2020-07-07,2020-06-01,2016-12-01,history_or_estimate,3.591,3296.944,782.93742614,762.62179073,16.554870723,12.023066537
2020,2020-07-07,2020-06-01,2017-01-01,history_or_estimate,3.304,2622.158,766.30428792,887.84396262,16.661354357,8.843545125
2020,2020-07-07,2020-06-01,2017-02-01,history_or_estimate,2.852,2337.331,547.11643476,746.90610032,21.733911524,9.4979182371
2020,2020-07-07,2020-06-01,2017-03-01,history_or_estimate,2.88,2062.504,542.55769178,557.79065188,31.938342561,24.460466907
2020,2020-07-07,2020-06-01,2017-04-01,history_or_estimate,3.103,2291.25,247.84273077,319.42684939,55.948397116,39.420351315
2020,2020-07-07,2020-06-01,2017-05-01,history_or_estimate,3.15,2626.507,153.72009127,137.33059676,105.7457019,115.6008875
2020,2020-07-07,2020-06-01,2017-06-01,history_or_estimate,2.975,2906.808,24.730240924,30.256147373,241.38829266,250.36014379
2020,2020-07-07,2020-06-01,2017-07-01,history_or_estimate,2.984,3054.151,5.2161611694,7.4219273012,363.0794225,346.34943514
2020,2020-07-07,2020-06-01,2017-08-01,history_or_estimate,2.9,3249.896,15.1675065,10.824504741,292.196528,323.34575389
2020,2020-07-07,2020-06-01,2017-09-01,history_or_estimate,2.976,3567.228,44.510979347,52.726808942,184.33663914,187.27841909
2020,2020-07-07,2020-06-01,2017-10-01,history_or_estimate,2.879,3816.496,192.89713144,245.70484117,77.773442371,63.315451538
2020,2020-07-07,2020-06-01,2017-11-01,history_or_estimate,3.014,3709.263,490.0555523,509.25639171,27.420420119,18.099929419
2020,2020-07-07,2020-06-01,2017-12-01,history_or_estimate,2.821,3032.601,797.79460361,771.72206014,10.119832095,12.352288241
2020,2020-07-07,2020-06-01,2018-01-01,history_or_estimate,3.69,2140.556,896.1362988,880.48313293,7.5232976449,9.355530072
2020,2020-07-07,2020-06-01,2018-02-01,history_or_estimate,2.67,1672.662,624.95230396,717.62280508,22.923752128,11.017811457
2020,2020-07-07,2020-06-01,2018-03-01,history_or_estimate,2.693,1390.279,608.65972769,562.01419738,21.141661172,24.490591202
2020,2020-07-07,2020-06-01,2018-04-01,history_or_estimate,2.796,1426.799,410.22449158,306.82011148,32.692720793,42.541709664
2020,2020-07-07,2020-06-01,2018-05-01,history_or_estimate,2.8,1847.454,85.363732218,140.89076551,174.30277226,114.38090945
2020,2020-07-07,2020-06-01,2018-06-01,history_or_estimate,2.967,2195.226,26.391929107,29.971163748,270.07541722,251.33387965
2020,2020-07-07,2020-06-01,2018-07-01,history_or_estimate,2.833,2381.269,3.5458233948,7.2916343757,376.09655804,351.96086618
2020,2020-07-07,2020-06-01,2018-08-01,history_or_estimate,2.961,2616.841,6.9661846958,11.444282313,351.07406743,316.3893245
2020,2020-07-07,2020-06-01,2018-09-01,history_or_estimate,2.995,2950.368,37.672173913,52.157213337,231.13134208,187.04425878
2020,2020-07-07,2020-06-01,2018-10-01,history_or_estimate,3.276,3236.254,253.55277313,246.73798394,69.531336924,63.004586012
2020,2020-07-07,2020-06-01,2018-11-01,history_or_estimate,4.091,3030.079,593.56126649,506.04180219,17.801906821,19.034089168
2020,2020-07-07,2020-06-01,2018-12-01,history_or_estimate,4.041,2708.318,731.57470526,771.74462015,10.704606985,11.987571027
2020,2020-07-07,2020-06-01,2019-01-01,history_or_estimate,3.109,1993.996,859.18050424,881.52636454,9.0113121251,9.2849541814
2020,2020-07-07,2020-06-01,2019-02-01,history_or_estimate,2.691,1426.21,719.17433036,707.17028816,18.152664408,12.000857949
2020,2020-07-07,2020-06-01,2019-03-01,history_or_estimate,2.948,1184.89,631.66528826,561.79013616,18.448910945,24.650040546
2020,2020-07-07,2020-06-01,2019-04-01,history_or_estimate,2.647,1559.401,287.83008292,315.25635629,41.958726009,42.590640351
2020,2020-07-07,2020-06-01,2019-05-01,history_or_estimate,2.638,2031.031,158.10973209,130.55139831,129.51736004,122.49130596
2020,2020-07-07,2020-06-01,2019-06-01,history_or_estimate,2.399,2460.748,33.931723509,29.619211432,227.30207156,252.18579792
2020,2020-07-07,2020-06-01,2019-07-01,history_or_estimate,2.366,2714.196,5.1589129087,6.9423450583,373.02492969,356.46816746
2020,2020-07-07,2020-06-01,2019-08-01,history_or_estimate,2.221,2997.81,10.229035618,10.599255899,336.40486254,323.36209927
2020,2020-07-07,2020-06-01,2019-09-01,history_or_estimate,2.559,3414.939,41.009396559,50.357306148,243.00207894,193.0947912
2020,2020-07-07,2020-06-01,2019-10-01,history_or_estimate,2.331,3762.043,253.37056803,243.68198663,75.617320787,65.023938363
2020,2020-07-07,2020-06-01,2019-11-01,history_or_estimate,2.653,3610.051,589.08365665,511.88732416,16.166930923,19.492290806
2020,2020-07-07,2020-06-01,2019-12-01,history_or_estimate,2.219,3188.692,715.37161212,762.30616654,13.637360202,12.097832991
2020,2020-07-07,2020-06-01,2020-01-01,history_or_estimate,2.02,2616.385,739.54694266,872.33661389,15.466756612,9.3735720415
2020,2020-07-07,2020-06-01,2020-02-01,history_or_estimate,1.91,2081.136,652.20794613,709.6452527,12.663001877,12.950940844
2020,2020-07-07,2020-06-01,2020-03-01,history_or_estimate,1.79,2029.632,483.64148903,567.20131014,42.966709537,24.506285437
2020,2020-07-07,2020-06-01,2020-04-01,history_or_estimate,1.74,2334.248,357.81286358,310.59961739,43.021149982,43.730745245
2020,2020-07-07,2020-06-01,2020-05-01,history_or_estimate,1.748,2764.7724286,157.12415626,132.71136814,104.64296708,123.61339663
2020,2020-07-07,2020-06-01,2020-06-01,history_or_estimate,1.631,3143.6974286,27.460751337,28.625115565,254.18847708,252.73061328
2020,2020-07-07,2020-06-01,2020-07-01,forecast,1.607969,3363.161,6.3057480774,5.925289,354.29731628,365.1349
2020,2020-07-07,2020-06-01,2020-08-01,forecast,1.646009,3575.538,9.2083928781,10.16232,329.56666577,326.6865
2020,2020-07-07,2020-06-01,2020-09-01,forecast,1.704071,3826.082,53.282301972,48.21302,179.70902534,200.5326
2020,2020-07-07,2020-06-01,2020-10-01,forecast,1.95441,4039.409,242.98685545,235.7932,64.435830505,67.67317
2020,2020-07-07,2020-06-01,2020-11-01,forecast,2.556311,3883.877,489.91418033,526.1,20.933150469,19.28738
2020,2020-07-07,2020-06-01,2020-12-01,forecast,2.859321,3370.619,774.76753521,746.7427,10.333969015,12.64908
2020,2020-07-07,2020-06-01,2021-01-01,forecast,3.043789,2546.625,848.08868788,853.5669,10.894062646,10.51982
2020,2020-07-07,2020-06-01,2021-02-01,forecast,3.070864,1978.823,687.63548228,694.0707,11.790327233,13.94661
2020,2020-07-07,2020-06-01,2021-03-01,forecast,3.049448,1770.51,558.75548013,560.4866,23.375133101,27.94698
2020,2020-07-07,2020-06-01,2021-04-01,forecast,2.954182,1993.212,313.16437425,319.1542,41.472221222,44.38882
2020,2020-07-07,2020-06-01,2021-05-01,forecast,2.955464,2421.928,139.20448023,134.2807,124.11132609,121.2538
2020,2020-07-07,2020-06-01,2021-06-01,forecast,3.064618,2720.187,30.412332896,28.25429,243.44619824,249.8781
2020,2020-07-07,2020-06-01,2021-07-01,forecast,3.071274,2886.333,6.8131622469,5.92636,355.15619857,363.096
2020,2020-07-07,2020-06-01,2021-08-01,forecast,3.1282,3079.801,10.323854353,10.16707,330.7490535,324.4936
2020,2020-07-07,2020-06-01,2021-09-01,forecast,3.17526,3424.355,53.620435223,48.26056,182.40684695,199.0134
2020,2020-07-07,2020-06-01,2021-10-01,forecast,3.201368,3701.923,242.63289814,236.349,64.655041793,68.608
2020,2020-07-07,2020-06-01,2021-11-01,forecast,3.217613,3549.391,489.37642959,522.5678,21.014950941,19.87933
2020,2020-07-07,2020-06-01,2021-12-01,forecast,3.264244,2994.879,773.98294756,734.1117,10.370562208,13.39628
2021,2021-07-07,2021-06-01,2017-01-01,history_or_estimate,3.304,2622.158,766.3440583,887.86017029,16.663398043,8.8439411774
2021,2021-07-07,2021-06-01,2017-02-01,history_or_estimate,2.852,2337.331,547.14649234,746.92155844,21.734421225,9.4981707349
2021,2021-07-07,2021-06-01,2017-03-01,history_or_estimate,2.88,2062.504,542.59974849,557.8009847,31.936219228,24.460949239
2021,2021-07-07,2021-06-01,2017-04-01,history_or_estimate,3.103,2291.25,247.85471077,319.43162931,55.949732261,39.420366935
2021,2021-07-07,2021-06-01,2017-05-01,history_or_estimate,3.15,2626.507,153.72918944,137.33205338,105.74713985,115.60211416
2021,2021-07-07,2021-06-01,2017-06-01,history_or_estimate,2.975,2906.808,24.735026408,30.257272107,241.38490902,250.36155212
2021,2021-07-07,2021-06-01,2017-07-01,history_or_estimate,2.984,3054.151,5.2177031769,7.422621389,363.0744048,346.35010978
2021,2021-07-07,2021-06-01,2017-08-01,history_or_estimate,2.9,3249.896,15.170801925,10.825429662,292.18316358,323.34413382
2021,2021-07-07,2021-06-01,2017-09-01,history_or_estimate,2.976,3567.228,44.520418439,52.730008828,184.32927323,187.27582514
2021,2021-07-07,2021-06-01,2017-10-01,history_or_estimate,2.879,3816.496,192.92291026,245.71385276,77.770407211,63.313870664
2021,2021-07-07,2021-06-01,2017-11-01,history_or_estimate,3.014,3709.263,490.10286118,509.26952945,27.419002407,18.100441728
2021,2021-07-07,2021-06-01,2017-12-01,history_or_estimate,2.821,3032.601,797.85775702,771.73559804,10.121351929,12.353555695
2021,2021-07-07,2021-06-01,2018-01-01,history_or_estimate,3.69,2140.556,896.21677407,880.50331763,7.5242143867,9.3561304931
2021,2021-07-07,2021-06-01,2018-02-01,history_or_estimate,2.67,1672.662,624.98241752,717.64126896,22.926674317,11.018114925
2021,2021-07-07,2021-06-01,2018-03-01,history_or_estimate,2.693,1390.279,608.70571652,562.02873588,21.139617416,24.490861201
2021,2021-07-07,2021-06-01,2018-04-01,history_or_estimate,2.796,1426.799,410.25245598,306.8260894,32.692069423,42.541858799
2021,2021-07-07,2021-06-01,2018-05-01,history_or_estimate,2.8,1847.454,85.355780238,140.89313195,174.31194328,114.38227991
2021,2021-07-07,2021-06-01,2018-06-01,history_or_estimate,2.967,2195.226,26.391641337,29.972767031,270.08549594,251.33494962
2021,2021-07-07,2021-06-01,2018-07-01,history_or_estimate,2.833,2381.269,3.5467618998,7.2924826642,376.09332688,351.96103904
2021,2021-07-07,2021-06-01,2018-08-01,history_or_estimate,2.961,2616.841,6.9678345652,11.445536776,351.08323102,316.38636798
2021,2021-07-07,2021-06-01,2018-09-01,history_or_estimate,2.995,2950.368,37.67465756,52.161357132,231.15563185,187.04092824
2021,2021-07-07,2021-06-01,2018-10-01,history_or_estimate,3.276,3236.254,253.56903839,246.74957341,69.537980613,63.002701623
2021,2021-07-07,2021-06-01,2018-11-01,history_or_estimate,4.091,3030.079,593.61506188,506.05967081,17.803894908,19.034459706
2021,2021-07-07,2021-06-01,2018-12-01,history_or_estimate,4.041,2708.318,731.6138331,771.76447339,10.70696251,11.988990465
2021,2021-07-07,2021-06-01,2019-01-01,history_or_estimate,3.109,1993.996,858.8189488,881.55459677,9.0132951237,9.2856462766
2021,2021-07-07,2021-06-01,2019-02-01,history_or_estimate,2.691,1426.21,719.19350697,707.19176339,18.097129357,12.001453636
2021,2021-07-07,2021-06-01,2019-03-01,history_or_estimate,2.948,1184.89,631.6336599,561.80927353,18.401717163,24.650106169
2021,2021-07-07,2021-06-01,2019-04-01,history_or_estimate,2.647,1559.401,287.6681361,315.26513066,41.991569257,42.590724349
2021,2021-07-07,2021-06-01,2019-05-01,history_or_estimate,2.638,2031.031,158.40616925,130.55296955,129.50581569,122.49359352
2021,2021-07-07,2021-06-01,2019-06-01,history_or_estimate,2.399,2460.748,34.210834842,29.620785938,227.21194686,252.18787576
2021,2021-07-07,2021-06-01,2019-07-01,history_or_estimate,2.366,2714.196,5.2795240985,6.9432871974,373.24651858,356.46801721
2021,2021-07-07,2021-06-01,2019-08-01,history_or_estimate,2.221,2997.81,10.237092676,10.60067535,336.4099551,323.36005911
2021,2021-07-07,2021-06-01,2019-09-01,history_or_estimate,2.559,3414.939,41.166515789,50.361698308,243.06013453,193.09388964
2021,2021-07-07,2021-06-01,2019-10-01,history_or_estimate,2.331,3762.043,253.93828515,243.69520263,75.326695584,65.022718343
2021,2021-07-07,2021-06-01,2019-11-01,history_or_estimate,2.653,3610.029,589.07677403,511.91057233,16.114570582,19.492860153
2021,2021-07-07,2021-06-01,2019-12-01,history_or_estimate,2.219,3188.243,715.20099197,762.32993256,13.80530626,12.099487981
2021,2021-07-07,2021-06-01,2020-01-01,history_or_estimate,2.02,2616.385,738.94579468,872.32869058,15.172503183,9.3744624366
2021,2021-07-07,2021-06-01,2020-02-01,history_or_estimate,1.91,2081.136,651.79655942,709.6686456,12.656262704,12.945983026
2021,2021-07-07,2021-06-01,2020-03-01,history_or_estimate,1.79,2029.632,483.31058876,567.21728468,42.676548055,24.501631682
2021,2021-07-07,2021-06-01,2020-04-01,history_or_estimate,1.74,2332.797,358.55063155,310.59219685,42.535443767,43.73411363
2021,2021-07-07,2021-06-01,2020-05-01,history_or_estimate,1.748,2777.889,156.32158657,132.74258306,105.89422614,123.6145298
2021,2021-07-07,2021-06-01,2020-06-01,history_or_estimate,1.631,3133.095,25.616466423,28.654601285,247.3566475,252.72367847
2021,2021-07-07,2021-06-01,2020-07-01,history_or_estimate,1.767,3293.549,4.6555699785,5.9382921325,397.19032224,365.15687361
2021,2021-07-07,2021-06-01,2020-08-01,history_or_estimate,2.3,3522.216,7.2612092798,10.164547052,356.72965257,326.68494604
2021,2021-07-07,2021-06-01,2020-09-01,history_or_estimate,1.922,3839.836,58.340840534,48.233126762,181.29736232,200.5375363
2021,2021-07-07,2021-06-01,2020-10-01,history_or_estimate,2.39,3928.503,247.08596763,235.86314758,82.756506437,67.642883766
2021,2021-07-07,2021-06-01,2020-11-01,history_or_estimate,2.61,3931.616,421.4860549,526.12257981,32.178774662,19.282712431
2021,2021-07-07,2021-06-01,2020-12-01,history_or_estimate,2.59,3340.974,749.13451087,746.7493948,6.8868855555,12.667525262
2021,2021-07-07,2021-06-01,2021-01-01,history_or_estimate,2.71,2634.964,801.98550121,853.49891794,9.8365082716,10.491284987
2021,2021-07-07,2021-06-01,2021-02-01,history_or_estimate,5.35,1858.354,791.40811054,694.05291221,12.073551793,13.940973831
2021,2021-07-07,2021-06-01,2021-03-01,history_or_estimate,2.62,1800.768,505.36996664,560.46944633,28.144001656,27.913312673
2021,2021-07-07,2021-06-01,2021-04-01,history_or_estimate,2.663,1974.339,307.02318259,319.22051866,36.803609398,44.343606952
2021,2021-07-07,2021-06-01,2021-05-01,history_or_estimate,2.91,2379.326,149.49872574,134.23161227,102.37418995,121.38000826
2021,2021-07-07,2021-06-01,2021-06-01,history_or_estimate,3.26,2627.9367143,25.554452811,28.099325127,273.02161707,249.18793069
2021,2021-07-07,2021-06-01,2021-07-01,forecast,3.28,2803.319,6.7390703564,5.774331,352.26305283,367.4073
2021,2021-07-07,2021-06-01,2021-08-01,forecast,3.25,3032.953,10.221859345,9.974559,327.35882257,327.2083
2021,2021-07-07,2021-06-01,2021-09-01,forecast,3.14,3376.969,55.27495967,48.78646,179.48922274,199.1771
2021,2021-07-07,2021-06-01,2021-10-01,forecast,3.1,3628.481,246.64943858,236.8287,64.152879476,70.40977
2021,2021-07-07,2021-06-01,2021-11-01,forecast,3.12,3524.254,493.61664278,515.7473,20.685810948,20.99921
2021,2021-07-07,2021-06-01,2021-12-01,forecast,3.23,2853.312,782.55278181,731.5545,10.23160601,13.07002
2021,2021-07-07,2021-06-01,2022-01-01,forecast,3.25,2104.504,852.039712,838.366,10.887468335,10.8878
2021,2021-07-07,2021-06-01,2022-02-01,forecast,3.25,1515.612,687.47120003,699.0503,11.898746736,14.192
2021,2021-07-07,2021-06-01,2022-03-01,forecast,3.0,1291.452,558.47366968,552.9228,23.209007649,28.2119
2021,2021-07-07,2021-06-01,2022-04-01,forecast,2.9,1524.109,313.48541945,318.5258,40.555739251,42.60159
2021,2021-07-07,2021-06-01,2022-05-01,forecast,2.87,1968.271,140.05223134,133.4282,121.18818037,120.929
2021,2021-07-07,2021-06-01,2022-06-01,forecast,2.92,2293.774,30.917070724,26.75992,240.08190411,250.5529
2021,2021-07-07,2021-06-01,2022-07-01,forecast,2.95,2501.044,7.3345492774,5.752128,349.80913266,362.2056
2021,2021-07-07,2021-06-01,2022-08-01,forecast,2.95,2749.573,11.450525416,10.06439,324.2527621,324.9531
2021,2021-07-07,2021-06-01,2022-09-01,forecast,2.93,3133.526,59.364936892,48.56618,177.85259075,199.5819
2021,2021-07-07,2021-06-01,2022-10-01,forecast,2.94,3413.329,246.30170352,235.8777,64.392857695,71.87072
2021,2021-07-07,2021-06-01,2022-11-01,forecast,2.99,3310.3,493.0827676,517.8161,20.775072996,21.23053
2021,2021-07-07,2021-06-01,2022-12-01,forecast,3.04,2674.961,781.79800307,737.4365,10.270434443,12.96774
2022,2022-07-12,2022-06-01,2018-01-01,history_or_estimate,3.69,2140.556,898.66374611,881.28152464,7.4961456951,9.3328118056
2022,2022-07-12,2022-06-01,2018-02-01,history_or_estimate,2.67,1672.662,626.88032685,718.45398197,22.753325463,10.984666298
2022,2022-07-12,2022-06-01,2018-03-01,history_or_estimate,2.693,1390.279,610.96560587,562.83887017,20.977489721,24.408130406
2022,2022-07-12,2022-06-01,2018-04-01,history_or_estimate,2.796,1426.799,412.08706251,307.3012482,32.348679269,42.395032238
2022,2022-07-12,2022-06-01,2018-05-01,history_or_estimate,2.8,1847.454,85.657945313,141.07883733,173.4582498,114.12184495
2022,2022-07-12,2022-06-01,2018-06-01,history_or_estimate,2.967,2195.226,26.471681568,29.996360849,268.76992405,250.90762266
2022,2022-07-12,2022-06-01,2018-07-01,history_or_estimate,2.833,2381.269,3.546855229,7.2939383793,375.1339247,351.60476515
2022,2022-07-12,2022-06-01,2018-08-01,history_or_estimate,2.961,2616.841,6.9667562562,11.458961407,350.29853157,315.97977828
2022,2022-07-12,2022-06-01,2018-09-01,history_or_estimate,2.995,2950.368,37.777571794,52.226520993,230.0303071,186.65371976
2022,2022-07-12,2022-06-01,2018-10-01,history_or_estimate,3.276,3236.254,254.67553019,247.09970317,68.959078865,62.76692066
2022,2022-07-12,2022-06-01,2018-11-01,history_or_estimate,4.091,3030.079,595.41541947,506.67674625,17.662973364,18.960847637
2022,2022-07-12,2022-06-01,2018-12-01,history_or_estimate,4.041,2708.318,733.53041493,772.54056254,10.641427439,11.94620332
2022,2022-07-12,2022-06-01,2019-01-01,history_or_estimate,3.109,1993.996,861.54190299,882.57750097,8.964896017,9.25952072
2022,2022-07-12,2022-06-01,2019-02-01,history_or_estimate,2.691,1426.21,721.53463144,708.19426734,17.942291275,11.950670123
2022,2022-07-12,2022-06-01,2019-03-01,history_or_estimate,2.948,1184.89,634.07224597,562.84539677,18.235214188,24.551162604
2022,2022-07-12,2022-06-01,2019-04-01,history_or_estimate,2.647,1559.401,289.04415945,315.92375011,41.573089688,42.409558772
2022,2022-07-12,2022-06-01,2019-05-01,history_or_estimate,2.638,2031.031,159.04834342,130.76889143,128.5793799,122.14778922
2022,2022-07-12,2022-06-01,2019-06-01,history_or_estimate,2.399,2460.748,34.301378491,29.652383779,226.00017907,251.62899161
2022,2022-07-12,2022-06-01,2019-07-01,history_or_estimate,2.366,2714.196,5.2700498714,6.9447522453,372.39535434,356.0158031
2022,2022-07-12,2022-06-01,2019-08-01,history_or_estimate,2.221,2997.81,10.280453424,10.61399215,334.982756,322.87499947
2022,2022-07-12,2022-06-01,2019-09-01,history_or_estimate,2.559,3414.939,41.395192816,50.437153592,241.57435902,192.59414868
2022,2022-07-12,2022-06-01,2019-10-01,history_or_estimate,2.331,3762.043,254.92159675,244.15598157,74.600894867,64.729047205
2022,2022-07-12,2022-06-01,2019-11-01,history_or_estimate,2.653,3610.029,591.28723169,512.70768353,15.969872076,19.40515593
2022,2022-07-12,2022-06-01,2019-12-01,history_or_estimate,2.219,3188.243,717.69573481,763.2976799,13.696916129,12.050147329
2022,2022-07-12,2022-06-01,2020-01-01,history_or_estimate,2.02,2616.175,741.1791701,873.6238902,15.125548509,9.3434969693
2022,2022-07-12,2022-06-01,2020-02-01,history_or_estimate,1.91,2080.883,653.66307537,710.905262,12.422784968,12.879715705
2022,2022-07-12,2022-06-01,2020-03-01,history_or_estimate,1.79,2029.359,485.48387497,568.49726652,42.474304433,24.38603782
2022,2022-07-12,2022-06-01,2020-04-01,history_or_estimate,1.74,2332.493,360.13627832,311.38841864,42.347858189,43.511100097
2022,2022-07-12,2022-06-01,2020-05-01,history_or_estimate,1.748,2777.584,157.07913234,133.02272236,105.08832404,123.17608191
2022,2022-07-12,2022-06-01,2020-06-01,history_or_estimate,1.631,3133.095,25.653378879,28.69525349,246.08638837,252.04361754
2022,2022-07-12,2022-06-01,2020-07-01,history_or_estimate,1.767,3293.549,4.6703995388,5.9388097577,397.00141891,364.61954308
2022,2022-07-12,2022-06-01,2020-08-01,history_or_estimate,2.3,3522.216,7.276746536,10.182199927,355.92674697,326.05716648
2022,2022-07-12,2022-06-01,2020-09-01,history_or_estimate,1.922,3839.836,58.487638122,48.331449749,180.2752543,199.88921779
2022,2022-07-12,2022-06-01,2020-10-01,history_or_estimate,2.39,3928.503,248.35926223,236.42225768,82.057159463,67.276632557
2022,2022-07-12,2022-06-01,2020-11-01,history_or_estimate,2.61,3931.616,422.90211174,527.14073677,31.800515035,19.180538357
2022,2022-07-12,2022-06-01,2020-12-01,history_or_estimate,2.59,3340.981,751.58161028,747.96661642,6.945899519,12.607345597
2022,2022-07-12,2022-06-01,2021-01-01,history_or_estimate,2.71,2634.967,804.79249202,855.01842997,9.7294110983,10.455622817
2022,2022-07-12,2022-06-01,2021-02-01,history_or_estimate,5.35,1859.287,794.13570583,695.47638293,11.979219104,13.851358559
2022,2022-07-12,2022-06-01,2021-03-01,history_or_estimate,2.62,1801.294,507.75690911,561.9660913,28.038668024,27.777521098
2022,2022-07-12,2022-06-01,2021-04-01,history_or_estimate,2.663,1975.103,308.52025913,320.17372316,36.155079824,44.102421012
2022,2022-07-12,2022-06-01,2021-05-01,history_or_estimate,2.91,2389.891,151.02132816,134.58670027,100.61347514,120.86322291
2022,2022-07-12,2022-06-01,2021-06-01,history_or_estimate,3.26,2585.126,12.447101123,28.143705296,273.56672604,248.38498526
2022,2022-07-12,2022-06-01,2021-07-01,history_or_estimate,3.84,2754.714,4.6465203303,5.7763995463,345.72648464,366.8544186
2022,2022-07-12,2022-06-01,2021-08-01,history_or_estimate,4.07,2917.268,5.9347024636,9.9937415501,356.76657289,326.50653333
2022,2022-07-12,2022-06-01,2021-09-01,history_or_estimate,5.16,3305.982,40.227140083,48.898204441,199.78132667,198.43417094
2022,2022-07-12,2022-06-01,2021-10-01,history_or_estimate,5.51,3665.385,180.6637494,237.50709902,83.696116613,69.977440154
2022,2022-07-12,2022-06-01,2021-11-01,history_or_estimate,5.05,3532.775,510.21933612,516.89481569,17.775417088,20.860180193
2022,2022-07-12,2022-06-01,2021-12-01,history_or_estimate,3.76,3209.982,616.04458003,732.99434589,25.504948777,13.015620879
2022,2022-07-12,2022-06-01,2022-01-01,history_or_estimate,4.38,2215.97,913.30710635,840.13740438,8.5635502198,10.841704488
2022,2022-07-12,2022-06-01,2022-02-01,history_or_estimate,4.69,1562.047,711.27139578,700.72033958,10.996887035,14.093708848
2022,2022-07-12,2022-06-01,2022-03-01,history_or_estimate,4.9,1401.494,525.0151055,554.62902362,26.529191691,28.068294904
2022,2022-07-12,2022-06-01,2022-04-01,history_or_estimate,6.59,1597.7768571,342.70361645,319.61053321,48.326771359,42.302551433
2022,2022-07-12,2022-06-01,2022-05-01,history_or_estimate,8.14,1980.8982857,122.88693221,133.93058968,147.8533043,120.24612457
2022,2022-07-12,2022-06-01,2022-06-01,history_or_estimate,7.7,2327.3927143,27.001652278,25.493443019,266.34983067,249.82300957
2022,2022-07-12,2022-06-01,2022-07-01,forecast,5.93,2494.26,6.5969346625,5.545242,350.98666308,361.0129
2022,2022-07-12,2022-06-01,2022-08-01,forecast,5.98,2711.848,10.652088424,9.65448,325.06002413,327.2164
2022,2022-07-12,2022-06-01,2022-09-01,forecast,5.92,3139.377,58.039994845,47.1702,176.7993938,200.8872
2022,2022-07-12,2022-06-01,2022-10-01,forecast,5.91,3468.277,250.21999046,229.9392,63.685109757,73.40173
2022,2022-07-12,2022-06-01,2022-11-01,forecast,5.98,3395.731,496.42903478,520.6033,20.972472866,20.80339
2022,2022-07-12,2022-06-01,2022-12-01,forecast,6.11,2887.06,782.55468712,722.1955,10.087830779,14.44231
2022,2022-07-12,2022-06-01,2023-01-01,forecast,6.24,2140.368,857.42374249,855.197,10.215261155,10.49954
2022,2022-07-12,2022-06-01,2023-02-01,forecast,6.12,1678.979,691.61827668,708.9185,10.766118672,13.86869
2022,2022-07-12,2022-06-01,2023-03-01,forecast,5.54,1540.551,562.65656352,568.9865,21.657799683,25.84292
2022,2022-07-12,2022-06-01,2023-04-01,forecast,4.26,1848.516,317.13101869,324.6453,38.230186616,42.26775
2022,2022-07-12,2022-06-01,2023-05-01,forecast,4.25,2335.696,143.996805,136.336,116.26532631,119.5599
2022,2022-07-12,2022-06-01,2023-06-01,forecast,4.25,2664.179,32.782806803,25.0306,232.94486996,253.1722
2022,2022-07-12,2022-06-01,2023-07-01,forecast,4.4,2832.073,7.3048270595,5.708816,341.40839283,355.9997
2022,2022-07-12,2022-06-01,2023-08-01,forecast,4.4,3035.826,11.792087193,9.845101,316.52668789,326.9363
2022,2022-07-12,2022-06-01,2023-09-01,forecast,4.33,3457.075,60.948719572,46.87808,172.28332717,201.2085
2022,2022-07-12,2022-06-01,2023-10-01,forecast,4.34,3781.859,249.87758699,228.7466,63.962603594,74.24912
2022,2022-07-12,2022-06-01,2023-11-01,forecast,4.45,3696.011,495.88631082,516.1508,21.08301735,21.50951
2022,2022-07-12,2022-06-01,2023-12-01,forecast,4.52,3103.41,781.8027931,730.5266,10.138113597,14.31253
2023,2023-07-11,2023-06-01,2019-01-01,history_or_estimate,3.109,1993.996,861.27031758,882.50613751,8.9144894639,9.2038862283
2023,2023-07-11,2023-06-01,2019-02-01,history_or_estimate,2.691,1426.21,721.24273917,708.03239006,17.933274304,11.896917674
2023,2023-07-11,2023-06-01,2019-03-01,history_or_estimate,2.948,1184.89,633.78409958,562.57197056,18.159793877,24.493239089
2023,2023-07-11,2023-06-01,2019-04-01,history_or_estimate,2.647,1559.401,288.69067721,315.63436528,41.541290812,42.354920017
2023,2023-07-11,2023-06-01,2019-05-01,history_or_estimate,2.638,2031.031,158.59472043,130.56327753,128.59025964,122.13517075
2023,2023-07-11,2023-06-01,2019-06-01,history_or_estimate,2.399,2460.748,34.10402497,29.492624945,226.44062578,251.80567048
2023,2023-07-11,2023-06-01,2019-07-01,history_or_estimate,2.366,2714.196,5.2585681929,6.9097149008,372.89357271,356.47556399
2023,2023-07-11,2023-06-01,2019-08-01,history_or_estimate,2.221,2997.81,10.170616079,10.53183075,335.39474042,323.18241884
2023,2023-07-11,2023-06-01,2019-09-01,history_or_estimate,2.559,3414.939,41.218647616,50.228024278,241.70618194,192.74467758
2023,2023-07-11,2023-06-01,2019-10-01,history_or_estimate,2.331,3762.043,254.60890084,243.89598753,74.547790745,64.720959707
2023,2023-07-11,2023-06-01,2019-11-01,history_or_estimate,2.653,3610.029,591.01053301,512.53374756,15.934501523,19.335328446
2023,2023-07-11,2023-06-01,2019-12-01,history_or_estimate,2.219,3188.243,717.3340469,763.09854071,13.494495713,12.014418854
2023,2023-07-11,2023-06-01,2020-01-01,history_or_estimate,2.02,2616.175,741.10194263,873.51468175,15.074575817,9.3009509283
2023,2023-07-11,2023-06-01,2020-02-01,history_or_estimate,1.91,2080.883,653.30968595,710.74544174,12.444076093,12.826094431
2023,2023-07-11,2023-06-01,2020-03-01,history_or_estimate,1.79,2029.359,485.20179128,568.22042493,42.434318197,24.32242748
2023,2023-07-11,2023-06-01,2020-04-01,history_or_estimate,1.74,2332.493,359.7311564,311.0849608,42.244939791,43.462723242
2023,2023-07-11,2023-06-01,2020-05-01,history_or_estimate,1.748,2777.584,156.94777504,132.78949082,105.18496702,123.16193396
2023,2023-07-11,2023-06-01,2020-06-01,history_or_estimate,1.631,3133.095,25.441229938,28.532744373,246.34604156,252.24347816
2023,2023-07-11,2023-06-01,2020-07-01,history_or_estimate,1.767,3293.549,4.6570761888,5.9150717414,397.51327317,365.09723124
2023,2023-07-11,2023-06-01,2020-08-01,history_or_estimate,2.3,3522.216,7.2229600251,10.107821426,356.42037373,326.36590727
2023,2023-07-11,2023-06-01,2020-09-01,history_or_estimate,1.922,3839.836,58.244647596,48.121027997,180.55449242,200.0546615
2023,2023-07-11,2023-06-01,2020-10-01,history_or_estimate,2.39,3928.503,248.19635669,236.16026547,82.085980321,67.264528867
2023,2023-07-11,2023-06-01,2020-11-01,history_or_estimate,2.61,3931.616,422.77985837,526.94728891,31.716281575,19.112166918
2023,2023-07-11,2023-06-01,2020-12-01,history_or_estimate,2.59,3340.981,751.45854978,747.74711431,6.8869986408,12.549877441
2023,2023-07-11,2023-06-01,2021-01-01,history_or_estimate,2.71,2634.967,804.65600478,854.91595508,9.755221187,10.412571282
2023,2023-07-11,2023-06-01,2021-02-01,history_or_estimate,5.35,1859.218,793.98062094,695.28977142,12.056969129,13.803886519
2023,2023-07-11,2023-06-01,2021-03-01,history_or_estimate,2.62,1801.225,508.33226384,561.70351719,28.020952163,27.713428445
2023,2023-07-11,2023-06-01,2021-04-01,history_or_estimate,2.663,1975.033,308.25896628,319.87208704,36.149765606,44.045375158
2023,2023-07-11,2023-06-01,2021-05-01,history_or_estimate,2.91,2389.891,151.0735084,134.34492857,100.461552,120.87227658
2023,2023-07-11,2023-06-01,2021-06-01,history_or_estimate,3.26,2585.126,12.329232012,27.975916454,273.89820624,248.58450922
2023,2023-07-11,2023-06-01,2021-07-01,history_or_estimate,3.84,2754.714,4.5606579499,5.7562891383,346.83362018,367.32493503
2023,2023-07-11,2023-06-01,2021-08-01,history_or_estimate,4.07,2917.268,5.9708593013,9.9174552278,357.32434943,326.84374241
2023,2023-07-11,2023-06-01,2021-09-01,history_or_estimate,5.16,3305.982,40.033842888,48.698973018,199.94210047,198.61519364
2023,2023-07-11,2023-06-01,2021-10-01,history_or_estimate,5.51,3665.385,179.99586003,237.23610996,84.065209101,69.965872994
2023,2023-07-11,2023-06-01,2021-11-01,history_or_estimate,5.05,3532.775,509.44473486,516.7063262,17.991962337,20.790698228
2023,2023-07-11,2023-06-01,2021-12-01,history_or_estimate,3.76,3209.982,615.73422621,732.77602279,25.533071149,12.960456568
2023,2023-07-11,2023-06-01,2022-01-01,history_or_estimate,4.38,2215.941,912.46408776,840.02909559,8.7191490221,10.799737847
2023,2023-07-11,2023-06-01,2022-02-01,history_or_estimate,4.69,1562.018,709.85462587,700.55318819,11.072034149,14.060113522
2023,2023-07-11,2023-06-01,2022-03-01,history_or_estimate,4.9,1401.465,523.78134661,554.45436488,27.049939267,28.002038463
2023,2023-07-11,2023-06-01,2022-04-01,history_or_estimate,6.59,1611.765,341.59008245,319.3000197,48.759673824,42.249887983
2023,2023-07-11,2023-06-01,2022-05-01,history_or_estimate,8.14,2001.915,122.54372998,133.72447047,147.45570282,120.24413906
2023,2023-07-11,2023-06-01,2022-06-01,history_or_estimate,7.7,2325.321,25.988173247,25.327757089,270.68738987,250.03574518
2023,2023-07-11,2023-06-01,2022-07-01,history_or_estimate,7.284,2505.122,3.6254760221,5.5170538907,392.75799263,361.55332567
2023,2023-07-11,2023-06-01,2022-08-01,history_or_estimate,8.8,2709.421,5.8549712389,9.5857398818,358.52022679,327.58514704
2023,2023-07-11,2023-06-01,2022-09-01,history_or_estimate,7.88,3145.643,44.239369144,46.966534566,200.07454768,201.06453033
2023,2023-07-11,2023-06-01,2022-10-01,history_or_estimate,5.66,3569.363,256.58812034,229.63692068,55.152713391,73.417558272
2023,2023-07-11,2023-06-01,2022-11-01,history_or_estimate,5.45,3501.163,512.78792525,520.36254847,23.143490224,20.76477672
2023,2023-07-11,2023-06-01,2022-12-01,history_or_estimate,5.53,2927.083,782.7711085,721.97974041,10.829334697,14.395130526
2023,2023-07-11,2023-06-01,2023-01-01,history_or_estimate,3.27,2469.582,714.88445489,855.01219085,16.886635559,10.477217914
2023,2023-07-11,2023-06-01,2023-02-01,history_or_estimate,2.38,2071.912,621.09411123,708.62254842,19.867792659,13.844289183
2023,2023-07-11,2023-06-01,2023-03-01,history_or_estimate,2.31,1849.669,585.49419114,568.72212556,31.661030093,25.838166979
2023,2023-07-11,2023-06-01,2023-04-01,history_or_estimate,2.16,2113.018,296.32955948,324.26183238,43.85796036,42.271059634
2023,2023-07-11,2023-06-01,2023-05-01,history_or_estimate,2.15,2549.1284286,144.22626707,136.10954113,109.91504071,119.5095604
2023,2023-07-11,2023-06-01,2023-06-01,history_or_estimate,2.18,2900.109,41.801570843,24.777902025,198.75125397,253.79994866
2023,2023-07-11,2023-06-01,2023-07-01,forecast,2.56,3058.314,5.2198744474,5.383859,366.05901472,360.6698
2023,2023-07-11,2023-06-01,2023-08-01,forecast,2.65,3195.624,11.32724674,9.304295,362.4354068,330.6081
2023,2023-07-11,2023-06-01,2023-09-01,forecast,2.69,3547.718,56.299429667,45.31395,203.92539059,203.7061
2023,2023-07-11,2023-06-01,2023-10-01,forecast,2.69,3884.784,241.90130534,229.0962,70.881069427,73.41465
2023,2023-07-11,2023-06-01,2023-11-01,forecast,2.97,3787.622,489.45226385,517.5618,21.244375497,21.69522
2023,2023-07-11,2023-06-01,2023-12-01,forecast,3.44,3183.627,729.60297272,730.3545,11.505084093,14.3395
2023,2023-07-11,2023-06-01,2024-01-01,forecast,3.52,2468.517,809.09149242,843.6424,11.089175615,10.68253
2023,2023-07-11,2023-06-01,2024-02-01,forecast,3.39,1996.16,658.57942033,697.3548,12.597303329,14.75607
2023,2023-07-11,2023-06-01,2024-03-01,forecast,3.21,1888.519,536.93004284,561.2283,26.217628158,27.90797
2023,2023-07-11,2023-06-01,2024-04-01,forecast,2.96,2192.836,303.7319306,319.0844,43.976417566,43.25129
2023,2023-07-11,2023-06-01,2024-05-01,forecast,2.92,2652.557,136.83699739,136.9266,131.98894089,120.5558
2023,2023-07-11,2023-06-01,2024-06-01,forecast,3.01,2994.057,31.313053431,26.32923,268.13893585,249.2523
2023,2023-07-11,2023-06-01,2024-07-01,forecast,3.24,3122.304,7.3479272711,5.388828,396.90278,363.4264
2023,2023-07-11,2023-06-01,2024-08-01,forecast,3.42,3249.811,11.288753056,9.277986,365.39755592,338.024
2023,2023-07-11,2023-06-01,2024-09-01,forecast,3.46,3621.414,56.060532173,45.01543,205.75392712,206.3981
2023,2023-07-11,2023-06-01,2024-10-01,forecast,3.37,3959.552,240.75359402,227.5372,71.629783602,74.92378
2023,2023-07-11,2023-06-01,2024-11-01,forecast,3.38,3909.958,487.23932712,509.2356,21.48443635,22.06646
2023,2023-07-11,2023-06-01,2024-12-01,forecast,3.55,3351.654,726.36163968,720.3007,11.63032372,14.16569
2024,2024-07-09,2024-06-01,2020-01-01,history_or_estimate,2.02,2616.175,741.10472247,873.51418767,15.073799633,9.3008010221
2024,2024-07-09,2024-06-01,2020-02-01,history_or_estimate,1.91,2080.883,653.30994588,710.7452726,12.443627654,12.825920766
2024,2024-07-09,2024-06-01,2020-03-01,history_or_estimate,1.79,2029.359,485.19837997,568.21993845,42.43384972,24.322498385
2024,2024-07-09,2024-06-01,2020-04-01,history_or_estimate,1.74,2332.493,359.71419698,311.08473559,42.247960358,43.463190354
2024,2024-07-09,2024-06-01,2020-05-01,history_or_estimate,1.748,2777.584,156.93759251,132.78623265,105.19647826,123.16233592
2024,2024-07-09,2024-06-01,2020-06-01,history_or_estimate,1.631,3133.095,25.445363845,28.532673988,246.35853304,252.24584866
2024,2024-07-09,2024-06-01,2020-07-01,history_or_estimate,1.767,3293.549,4.6573538822,5.9152132161,397.52542253,365.09944655
2024,2024-07-09,2024-06-01,2020-08-01,history_or_estimate,2.3,3522.216,7.2236088473,10.107769096,356.43913151,326.36886391
2024,2024-07-09,2024-06-01,2020-09-01,history_or_estimate,1.922,3839.836,58.244175189,48.120914838,180.56911616,200.05503245
2024,2024-07-09,2024-06-01,2020-10-01,history_or_estimate,2.39,3928.503,248.19324584,236.15977953,82.093850464,67.26508917
2024,2024-07-09,2024-06-01,2020-11-01,history_or_estimate,2.61,3931.616,422.77161491,526.94640937,31.718110459,19.105843387
2024,2024-07-09,2024-06-01,2020-12-01,history_or_estimate,2.59,3340.981,751.45291795,747.74713728,6.8870058472,12.549574641
2024,2024-07-09,2024-06-01,2021-01-01,history_or_estimate,2.71,2634.967,804.64799479,854.9157382,9.7552369871,10.41234372
2024,2024-07-09,2024-06-01,2021-02-01,history_or_estimate,5.35,1859.218,793.98244458,695.28962796,12.057174921,13.80366801
2024,2024-07-09,2024-06-01,2021-03-01,history_or_estimate,2.62,1801.225,508.32085901,561.70269003,28.021786051,27.71345252
2024,2024-07-09,2024-06-01,2021-04-01,history_or_estimate,2.663,1975.033,308.25292348,319.8701668,36.153455842,44.046144141
2024,2024-07-09,2024-06-01,2021-05-01,history_or_estimate,2.91,2389.891,151.07068433,134.34065616,100.4702963,120.87383017
2024,2024-07-09,2024-06-01,2021-06-01,history_or_estimate,3.26,2585.126,12.330113461,27.976261575,273.9139432,248.58812175
2024,2024-07-09,2024-06-01,2021-07-01,history_or_estimate,3.84,2754.714,4.5616309512,5.7564592648,346.84906526,367.32834288
2024,2024-07-09,2024-06-01,2021-08-01,history_or_estimate,4.07,2917.268,5.9720163247,9.9174685593,357.33680165,326.84855733
2024,2024-07-09,2024-06-01,2021-09-01,history_or_estimate,5.16,3305.982,40.066163111,48.698815501,199.99507007,198.61700405
2024,2024-07-09,2024-06-01,2021-10-01,history_or_estimate,5.51,3665.385,179.99051281,237.23531827,84.077635664,69.967210306
2024,2024-07-09,2024-06-01,2021-11-01,history_or_estimate,5.05,3532.775,509.39802329,516.70462788,17.997552691,20.784560848
2024,2024-07-09,2024-06-01,2021-12-01,history_or_estimate,3.76,3209.982,615.69717188,732.77551479,25.53803578,12.960155542
2024,2024-07-09,2024-06-01,2022-01-01,history_or_estimate,4.38,2215.941,914.31612461,840.02808477,8.424252551,10.79951429
2024,2024-07-09,2024-06-01,2022-02-01,history_or_estimate,4.69,1562.018,712.0782187,700.55321613,11.260588297,14.059919699
2024,2024-07-09,2024-06-01,2022-03-01,history_or_estimate,4.9,1401.465,524.73971005,554.45241215,26.890371204,28.002146375
2024,2024-07-09,2024-06-01,2022-04-01,history_or_estimate,6.59,1611.765,341.71330318,319.29750516,48.755679065,42.251021824
2024,2024-07-09,2024-06-01,2022-05-01,history_or_estimate,8.14,2001.915,122.31098531,133.71993133,147.2827825,120.24656139
2024,2024-07-09,2024-06-01,2022-06-01,history_or_estimate,7.7,2325.321,25.919205015,25.32819816,269.80127011,250.04089929
2024,2024-07-09,2024-06-01,2022-07-01,history_or_estimate,7.284,2505.122,3.6341984293,5.5171232296,393.73474309,361.55822968
2024,2024-07-09,2024-06-01,2022-08-01,history_or_estimate,8.8,2709.422,5.8200687941,9.5858704427,358.79913637,327.59113485
2024,2024-07-09,2024-06-01,2022-09-01,history_or_estimate,7.88,3145.643,44.46134239,46.969617183,201.85759208,201.0715754
2024,2024-07-09,2024-06-01,2022-10-01,history_or_estimate,5.66,3569.384,257.62061212,229.63562211,55.078439846,73.420105335
2024,2024-07-09,2024-06-01,2022-11-01,history_or_estimate,5.45,3501.05,511.37259153,520.35620023,23.187775996,20.759207407
2024,2024-07-09,2024-06-01,2022-12-01,history_or_estimate,5.53,2925.38,781.20562274,721.9755149,10.816905758,14.395334835
2024,2024-07-09,2024-06-01,2023-01-01,history_or_estimate,3.27,2470.015,715.76041558,855.19639614,16.660642652,10.447511947
2024,2024-07-09,2024-06-01,2023-02-01,history_or_estimate,2.38,2072.183,621.29254587,708.84494022,19.712233424,13.862959227
2024,2024-07-09,2024-06-01,2023-03-01,history_or_estimate,2.31,1849.895,585.62149594,568.81599054,31.254653103,25.822338329
2024,2024-07-09,2024-06-01,2023-04-01,history_or_estimate,2.16,2116.461,296.74333271,324.27166652,43.601334568,42.271776725
2024,2024-07-09,2024-06-01,2023-05-01,history_or_estimate,2.15,2576.48,145.14904055,136.08174075,109.20816034,119.49465007
2024,2024-07-09,2024-06-01,2023-06-01,history_or_estimate,2.18,2901.661,42.78318931,24.771453993,209.77419154,253.71639046
2024,2024-07-09,2024-06-01,2023-07-01,history_or_estimate,2.55,3035.196,4.87936117,5.3848050168,389.95846556,360.77227219
2024,2024-07-09,2024-06-01,2023-08-01,history_or_estimate,2.58,3167.947,9.8273903674,9.3009389328,349.26614596,330.641912
2024,2024-07-09,2024-06-01,2023-09-01,history_or_estimate,2.64,3489.832,45.943883423,45.339232492,202.51123443,203.89136383
2024,2024-07-09,2024-06-01,2023-10-01,history_or_estimate,2.98,3809.382,206.39229896,229.19818893,72.756939691,73.409718884
2024,2024-07-09,2024-06-01,2023-11-01,history_or_estimate,2.71,3742.245,505.02016611,517.41395351,20.412216283,21.694073922
2024,2024-07-09,2024-06-01,2023-12-01,history_or_estimate,2.52,3457.481,624.58991415,730.19366729,10.995717434,14.338470672
2024,2024-07-09,2024-06-01,2024-01-01,history_or_estimate,3.18,2612.095,840.7073131,843.91413076,9.366670558,10.630236884
2024,2024-07-09,2024-06-01,2024-02-01,history_or_estimate,1.72,2349.517,575.26909982,697.59705585,12.675493816,14.759199476
2024,2024-07-09,2024-06-01,2024-03-01,history_or_estimate,1.49,2301.483,489.56954266,561.33496847,31.198795748,27.851482547
2024,2024-07-09,2024-06-01,2024-04-01,history_or_estimate,1.6,2559.743,280.67643697,319.13564347,46.257565364,43.226309554
2024,2024-07-09,2024-06-01,2024-05-01,history_or_estimate,2.12,2925.375,112.20642413,136.99418094,158.50257463,120.47010299
2024,2024-07-09,2024-06-01,2024-06-01,history_or_estimate,2.54,3177.5367143,20.126267838,26.420952356,277.57848777,250.27089266
2024,2024-07-09,2024-06-01,2024-07-01,forecast,2.637682,3319.516,6.1902951069,5.355726,362.80047242,365.9187
2024,2024-07-09,2024-06-01,2024-08-01,forecast,2.616159,3441.176,11.252556335,9.124646,361.98328151,336.7407
2024,2024-07-09,2024-06-01,2024-09-01,forecast,2.663995,3720.426,55.902873791,44.00517,204.25794194,206.4418
2024,2024-07-09,2024-06-01,2024-10-01,forecast,2.774926,3968.277,240.02579762,224.0884,71.454377552,75.10644
2024,2024-07-09,2024-06-01,2024-11-01,forecast,3.04291,3856.431,485.8342318,510.6447,21.534525387,21.9821
2024,2024-07-09,2024-06-01,2024-12-01,forecast,3.441435,3326.241,724.25147178,709.6386,11.670161806,14.11375
2024,2024-07-09,2024-06-01,2025-01-01,forecast,3.568163,2545.689,802.64829214,830.8381,11.244287479,10.86648
2024,2024-07-09,2024-06-01,2025-02-01,forecast,3.210129,2075.727,653.33716247,675.1152,12.785678151,14.84575
2024,2024-07-09,2024-06-01,2025-03-01,forecast,3.039649,1971.148,532.71168883,541.8834,26.564105578,29.46599
2024,2024-07-09,2024-06-01,2025-04-01,forecast,2.856761,2254.054,301.63851106,314.6747,44.512734606,44.14257
2024,2024-07-09,2024-06-01,2025-05-01,forecast,2.990984,2669.246,136.02696886,135.5273,132.83142678,125.0378
2024,2024-07-09,2024-06-01,2025-06-01,forecast,3.349349,2962.209,31.218588608,25.66918,268.41317273,253.8029
2024,2024-07-09,2024-06-01,2025-07-01,forecast,3.43688,3110.251,7.3006957283,4.989001,396.02399187,372.1279
2024,2024-07-09,2024-06-01,2025-08-01,forecast,3.389072,3246.55,11.203030102,8.958775,364.84936843,343.7822
2024,2024-07-09,2024-06-01,2025-09-01,forecast,3.341069,3577.381,55.638657404,43.85128,206.07217493,208.6543
2024,2024-07-09,2024-06-01,2025-10-01,forecast,3.291955,3880.627,238.82994322,226.0028,72.240164497,74.86675
2024,2024-07-09,2024-06-01,2025-11-01,forecast,3.373645,3787.568,483.54997451,497.7276,21.800651976,23.03834
2024,2024-07-09,2024-06-01,2025-12-01,forecast,3.605182,3265.542,720.92759062,711.4097,11.811908562,14.26156
2025,2025-07-08,2025-06-01,2021-01-01,history_or_estimate,2.71,2634.967,804.67133362,854.95310376,9.7533668937,10.410691039
2025,2025-07-08,2025-06-01,2021-02-01,history_or_estimate,5.35,1859.218,794.01730327,695.32514726,12.053517133,13.800921472
2025,2025-07-08,2025-06-01,2021-03-01,history_or_estimate,2.62,1801.225,508.33095594,561.73732719,28.018806228,27.707736672
2025,2025-07-08,2025-06-01,2021-04-01,history_or_estimate,2.66,1975.033,308.26755991,319.89464372,36.15020113,44.035889682
2025,2025-07-08,2025-06-01,2021-05-01,history_or_estimate,2.91,2389.891,151.07586149,134.35334334,100.46820628,120.85717631
2025,2025-07-08,2025-06-01,2021-06-01,history_or_estimate,3.26,2585.126,12.329405179,27.979660368,273.91995735,248.56142162
2025,2025-07-08,2025-06-01,2021-07-01,history_or_estimate,3.84,2754.714,4.5605191966,5.757245206,346.86482197,367.30301969
2025,2025-07-08,2025-06-01,2021-08-01,history_or_estimate,4.07,2917.268,5.970178191,9.9186934754,357.36381684,326.82278728
2025,2025-07-08,2025-06-01,2021-09-01,history_or_estimate,5.16,3305.982,40.05631553,48.703737092,200.03026157,198.59485055
2025,2025-07-08,2025-06-01,2021-10-01,history_or_estimate,5.51,3665.385,179.9587047,237.25508575,84.115665095,69.953428693
2025,2025-07-08,2025-06-01,2021-11-01,history_or_estimate,5.05,3532.775,509.33275589,516.73413971,18.011209508,20.779934102
2025,2025-07-08,2025-06-01,2021-12-01,history_or_estimate,3.76,3209.982,615.59622116,732.81079973,25.562956359,12.957772306
2025,2025-07-08,2025-06-01,2022-01-01,history_or_estimate,4.38,2215.941,914.18136145,840.06625263,8.4358499403,10.797702598
2025,2025-07-08,2025-06-01,2022-02-01,history_or_estimate,4.69,1562.018,711.94833312,700.59077166,11.282330012,14.056868309
2025,2025-07-08,2025-06-01,2022-03-01,history_or_estimate,4.9,1401.465,524.62140565,554.48633556,26.93108366,27.996361201
2025,2025-07-08,2025-06-01,2022-04-01,history_or_estimate,6.6,1611.765,341.62299714,319.32214819,48.813402511,42.241001595
2025,2025-07-08,2025-06-01,2022-05-01,history_or_estimate,8.14,2001.915,122.27512939,133.73234006,147.3546167,120.23050778
2025,2025-07-08,2025-06-01,2022-06-01,history_or_estimate,7.7,2325.321,25.906265014,25.331247078,269.86332525,250.0162866
2025,2025-07-08,2025-06-01,2022-07-01,history_or_estimate,7.28,2505.122,3.6306086309,5.5177386864,393.80841489,361.53589698
2025,2025-07-08,2025-06-01,2022-08-01,history_or_estimate,8.81,2709.422,5.8151096288,9.5868449113,358.90886462,327.56997748
2025,2025-07-08,2025-06-01,2022-09-01,history_or_estimate,7.88,3145.643,44.433335557,46.97317657,201.98145049,201.05454139
2025,2025-07-08,2025-06-01,2022-10-01,history_or_estimate,5.66,3569.384,257.47617259,229.65093585,55.186368698,73.410902415
2025,2025-07-08,2025-06-01,2022-11-01,history_or_estimate,5.45,3501.05,511.09704962,520.3773914,23.288638936,20.756181869
2025,2025-07-08,2025-06-01,2022-12-01,history_or_estimate,5.53,2925.38,780.81939923,721.99866534,10.862580508,14.395571885
2025,2025-07-08,2025-06-01,2023-01-01,history_or_estimate,3.27,2470.015,714.93977522,855.21847347,16.792463298,10.446972592
2025,2025-07-08,2025-06-01,2023-02-01,history_or_estimate,2.38,2072.183,621.23824919,708.86712137,19.845096843,13.862267006
2025,2025-07-08,2025-06-01,2023-03-01,history_or_estimate,2.31,1849.895,585.31849958,568.83622167,31.574900509,25.821053702
2025,2025-07-08,2025-06-01,2023-04-01,history_or_estimate,2.16,2116.461,297.32383124,324.28533565,43.88553358,42.268406259
2025,2025-07-08,2025-06-01,2023-05-01,history_or_estimate,2.15,2576.48,144.7075726,136.08966284,109.4518521,119.48735101
2025,2025-07-08,2025-06-01,2023-06-01,history_or_estimate,2.18,2901.661,42.918999986,24.772855143,210.0153667,253.70023265
2025,2025-07-08,2025-06-01,2023-07-01,history_or_estimate,2.55,3035.196,4.7386799197,5.3850006544,390.28876511,360.75909076
2025,2025-07-08,2025-06-01,2023-08-01,history_or_estimate,2.58,3167.947,9.717321458,9.301317879,349.78780595,330.63405511
2025,2025-07-08,2025-06-01,2023-09-01,history_or_estimate,2.64,3489.832,45.640318811,45.339395314,203.66013819,203.88879695
2025,2025-07-08,2025-06-01,2023-10-01,history_or_estimate,2.98,3809.382,206.56091868,229.19700051,72.786426806,73.412508823
2025,2025-07-08,2025-06-01,2023-11-01,history_or_estimate,2.71,3742.244,504.56467063,517.40455273,20.43297291,21.701472197
2025,2025-07-08,2025-06-01,2023-12-01,history_or_estimate,2.52,3457.481,623.90224531,730.17485407,11.089150765,14.343455499
2025,2025-07-08,2025-06-01,2024-01-01,history_or_estimate,3.18,2611.365,839.78031656,843.85029486,9.5131736929,10.64312549
2025,2025-07-08,2025-06-01,2024-02-01,history_or_estimate,1.72,2349.68,575.05085491,697.61017034,12.813778242,14.771990892
2025,2025-07-08,2025-06-01,2024-03-01,history_or_estimate,1.49,2306.056,488.94617031,561.32089377,31.385141172,27.882572148
2025,2025-07-08,2025-06-01,2024-04-01,history_or_estimate,1.6,2562.448,280.67029772,319.2045102,46.487333452,43.252272431
2025,2025-07-08,2025-06-01,2024-05-01,history_or_estimate,2.12,2923.176,113.13829703,136.95657605,157.29511215,120.48895336
2025,2025-07-08,2025-06-01,2024-06-01,history_or_estimate,2.54,3174.972,19.566775741,26.435557401,292.36005291,250.28187887
2025,2025-07-08,2025-06-01,2024-07-01,history_or_estimate,2.07,3293.614,4.0278703611,5.3417681034,389.72158653,365.94120221
2025,2025-07-08,2025-06-01,2024-08-01,history_or_estimate,1.99,3370.254,9.1601070581,9.1138806772,342.01836672,336.78805205
2025,2025-07-08,2025-06-01,2024-09-01,history_or_estimate,2.28,3615.336,37.119737359,43.9743262,210.59357265,206.55679632
2025,2025-07-08,2025-06-01,2024-10-01,history_or_estimate,2.2,3938.398,186.64626967,224.10162557,96.263142161,75.113431873
2025,2025-07-08,2025-06-01,2024-11-01,history_or_estimate,2.12,3914.872,429.88488029,510.58609489,32.261949715,21.992037854
2025,2025-07-08,2025-06-01,2024-12-01,history_or_estimate,3.01,3438.005,704.66774253,709.54636542,12.522558523,14.1283705
2025,2025-07-08,2025-06-01,2025-01-01,history_or_estimate,4.13,2424.599,946.70926167,830.67621512,5.290936792,10.894137503
2025,2025-07-08,2025-06-01,2025-02-01,history_or_estimate,4.19,1789.619,686.181415,675.1011799,16.916773021,14.872689989
2025,2025-07-08,2025-06-01,2025-03-01,history_or_estimate,4.12,1835.868,469.51836875,541.80239566,30.986282133,29.516202403
2025,2025-07-08,2025-06-01,2025-04-01,history_or_estimate,3.42,2141.337,278.16782396,314.73991866,57.654015523,44.192624428
2025,2025-07-08,2025-06-01,2025-05-01,history_or_estimate,3.12,2639.8645714,135.93235664,135.58139545,128.03310815,124.93796723
2025,2025-07-08,2025-06-01,2025-06-01,history_or_estimate,3.020515,3014.9884286,24.16649701,25.627356355,275.64986875,255.29529548
2025,2025-07-08,2025-06-01,2025-07-01,forecast,3.271545,3189.747,5.3891981843,4.758645,364.35480616,374.846
2025,2025-07-08,2025-06-01,2025-08-01,forecast,3.382167,3322.889,11.116369151,8.738578,366.8665376,341.8362
2025,2025-07-08,2025-06-01,2025-09-01,forecast,3.44794,3638.012,55.188401646,41.94134,207.13916094,209.4057
2025,2025-07-08,2025-06-01,2025-10-01,forecast,3.528712,3909.896,236.81023796,220.6757,72.578483998,77.35643
2025,2025-07-08,2025-06-01,2025-11-01,forecast,3.907296,3829.053,479.10243298,492.0697,21.875047198,24.12132
2025,2025-07-08,2025-06-01,2025-12-01,forecast,4.531195,3290.259,714.10234154,709.3549,11.834773454,14.36164
2025,2025-07-08,2025-06-01,2026-01-01,forecast,4.834162,2520.669,790.63135817,836.1508,11.397894398,10.51222
2025,2025-07-08,2025-06-01,2026-02-01,forecast,4.496311,1985.938,643.84931954,656.8128,12.968943497,15.84583
2025,2025-07-08,2025-06-01,2026-03-01,forecast,4.054984,1856.822,525.4013524,530.2164,26.921948466,29.68865
2025,2025-07-08,2025-06-01,2026-04-01,forecast,3.713921,2106.565,297.99216815,312.5177,45.133279565,44.66372
2025,2025-07-08,2025-06-01,2026-05-01,forecast,3.750654,2536.104,134.59281784,137.3082,134.42769759,125.1834
2025,2025-07-08,2025-06-01,2026-06-01,forecast,3.829423,2824.596,30.995771475,25.61543,271.58228896,257.4159
2025,2025-07-08,2025-06-01,2026-07-01,forecast,4.154841,2917.561,7.2452516106,4.666226,401.05853515,377.6833
2025,2025-07-08,2025-06-01,2026-08-01,forecast,4.435553,2988.625,11.085172298,8.760448,369.54105758,347.0312
2025,2025-07-08,2025-06-01,2026-09-01,forecast,4.473936,3256.874,54.982791568,44.27873,208.72013231,207.8346
2025,2025-07-08,2025-06-01,2026-10-01,forecast,4.678399,3516.089,235.77046164,221.5719,73.174283433,76.97107
2025,2025-07-08,2025-06-01,2026-11-01,forecast,5.054527,3374.853,477.00147535,495.3897,22.051787238,23.35709
2025,2025-07-08,2025-06-01,2026-12-01,forecast,5.458779,2825.599,710.94244774,722.5828,11.923191414,12.93305
2026,2026-07-07,2026-06-01,2022-01-01,history_or_estimate,4.38,2215.941,914.11585088,840.06175152,8.4413980985,10.797887802
2026,2026-07-07,2026-06-01,2022-02-01,history_or_estimate,4.69,1562.018,711.8932171,700.58598503,11.292663559,14.057178061
2026,2026-07-07,2026-06-01,2022-03-01,history_or_estimate,4.9,1401.465,524.57678325,554.48332132,26.950889259,27.996764339
2026,2026-07-07,2026-06-01,2022-04-01,history_or_estimate,6.6,1611.765,341.58065745,319.32006976,48.840757412,42.241300907
2026,2026-07-07,2026-06-01,2022-05-01,history_or_estimate,8.14,2001.915,122.25727241,133.73134508,147.39661741,120.23121006
2026,2026-07-07,2026-06-01,2022-06-01,history_or_estimate,7.7,2325.321,25.901892106,25.331254851,269.90116042,250.01684891
2026,2026-07-07,2026-06-01,2022-07-01,history_or_estimate,7.28,2505.122,3.6293388627,5.5177073194,393.8481521,361.53651029
2026,2026-07-07,2026-06-01,2022-08-01,history_or_estimate,8.81,2709.422,5.8137647882,9.5867946384,358.94775189,327.57094603
2026,2026-07-07,2026-06-01,2022-09-01,history_or_estimate,7.88,3145.643,44.428107937,46.972515573,202.01563107,201.05689856
2026,2026-07-07,2026-06-01,2022-10-01,history_or_estimate,5.66,3569.384,257.45060373,229.64737291,55.213452666,73.413631245
2026,2026-07-07,2026-06-01,2022-11-01,history_or_estimate,5.45,3501.05,511.03636973,520.37088865,23.317420358,20.75724665
2026,2026-07-07,2026-06-01,2022-12-01,history_or_estimate,5.53,2925.38,780.75006823,721.98946807,10.8730296,14.396910297
2026,2026-07-07,2026-06-01,2023-01-01,history_or_estimate,3.27,2470.015,714.88941228,855.2074213,16.80555141,10.447712612
2026,2026-07-07,2026-06-01,2023-02-01,history_or_estimate,2.38,2072.183,621.20274445,708.85682314,19.863774763,13.863610113
2026,2026-07-07,2026-06-01,2023-03-01,history_or_estimate,2.31,1849.895,585.28674482,568.82874519,31.594499441,25.823437401
2026,2026-07-07,2026-06-01,2023-04-01,history_or_estimate,2.16,2116.461,297.31027644,324.27902325,43.903217485,42.271441061
2026,2026-07-07,2026-06-01,2023-05-01,history_or_estimate,2.15,2556.48,144.71554837,136.08688216,109.45931378,119.49225336
2026,2026-07-07,2026-06-01,2023-06-01,history_or_estimate,2.18,2901.661,42.917058607,24.772425626,210.01572122,253.70457847
2026,2026-07-07,2026-06-01,2023-07-01,history_or_estimate,2.55,3035.236,4.7347716228,5.3848423105,390.28397287,360.76367779
2026,2026-07-07,2026-06-01,2023-08-01,history_or_estimate,2.58,3168.896,9.7153106406,9.301133122,349.77433844,330.63891239
2026,2026-07-07,2026-06-01,2023-09-01,history_or_estimate,2.64,3490.501,45.635457441,45.338211555,203.64571389,203.89457218
2026,2026-07-07,2026-06-01,2023-10-01,history_or_estimate,2.98,3807.857,206.57469596,229.19088068,72.75464614,73.41794605
2026,2026-07-07,2026-06-01,2023-11-01,history_or_estimate,2.71,3740.81,504.6486637,517.39198199,20.405635275,21.70541512
2026,2026-07-07,2026-06-01,2023-12-01,history_or_estimate,2.52,3455.667,624.01699601,730.15872369,11.069526889,14.345838819
2026,2026-07-07,2026-06-01,2024-01-01,history_or_estimate,3.18,2611.365,840.79430055,843.8342064,9.3704689843,10.645174322
2026,2026-07-07,2026-06-01,2024-02-01,history_or_estimate,1.72,2349.68,575.84743763,697.59632164,12.76357239,14.775201791
2026,2026-07-07,2026-06-01,2024-03-01,history_or_estimate,1.49,2306.056,489.43984014,561.31024181,31.19405617,27.88691574
2026,2026-07-07,2026-06-01,2024-04-01,history_or_estimate,1.6,2562.448,281.1418531,319.19684231,46.423957843,43.257075623
2026,2026-07-07,2026-06-01,2024-05-01,history_or_estimate,2.12,2923.176,113.80764045,136.95459294,157.16058131,120.49460188
2026,2026-07-07,2026-06-01,2024-06-01,history_or_estimate,2.54,3174.972,19.583541867,26.434933746,292.01074775,250.28626015
2026,2026-07-07,2026-06-01,2024-07-01,history_or_estimate,2.07,3293.614,4.0195693865,5.3412189298,390.51056918,365.94531002
2026,2026-07-07,2026-06-01,2024-08-01,history_or_estimate,1.99,3370.254,9.0910849652,9.1134948385,341.88819241,336.79156257
2026,2026-07-07,2026-06-01,2024-09-01,history_or_estimate,2.28,3615.336,37.343344126,43.972656304,210.07812496,206.56112912
2026,2026-07-07,2026-06-01,2024-10-01,history_or_estimate,2.2,3938.398,186.49301092,224.09688347,96.452197869,75.115691033
2026,2026-07-07,2026-06-01,2024-11-01,history_or_estimate,2.12,3914.872,430.10002577,510.58192346,32.294829016,21.993247014
2026,2026-07-07,2026-06-01,2024-12-01,history_or_estimate,3.01,3437.519,704.27032732,709.54171012,12.568334497,14.128791433
2026,2026-07-07,2026-06-01,2025-01-01,history_or_estimate,4.13,2422.293,946.31910706,830.76152506,5.333239247,10.881915864
2026,2026-07-07,2026-06-01,2025-02-01,history_or_estimate,4.19,1787.313,686.69109319,675.16698947,17.040122606,14.870880302
2026,2026-07-07,2026-06-01,2025-03-01,history_or_estimate,4.12,1833.562,470.19263087,541.84111069,31.422380847,29.501437495
2026,2026-07-07,2026-06-01,2025-04-01,history_or_estimate,3.42,2138.651,279.5721753,314.77940632,57.799348737,44.19109006
2026,2026-07-07,2026-06-01,2025-05-01,history_or_estimate,3.12,2634.285,136.35684849,135.64634668,127.49849764,124.93016267
2026,2026-07-07,2026-06-01,2025-06-01,history_or_estimate,3.02,2987.822,19.847016446,25.628409313,278.44870322,255.26474624
2026,2026-07-07,2026-06-01,2025-07-01,history_or_estimate,3.2,3141.54,4.1471426568,4.7572653922,391.4039583,374.92895993
2026,2026-07-07,2026-06-01,2025-08-01,history_or_estimate,2.91,3315.96,10.673573797,8.7312896274,308.99513547,341.82667964
2026,2026-07-07,2026-06-01,2025-09-01,history_or_estimate,2.97,3623.964,39.884376968,41.962028717,202.21533423,209.3585107
2026,2026-07-07,2026-06-01,2025-10-01,history_or_estimate,3.19,3928.607,215.48831246,220.65560181,80.24868639,77.377591888
2026,2026-07-07,2026-06-01,2025-11-01,history_or_estimate,3.79,3898.969,463.80182538,492.0870924,25.974713394,24.125812494
2026,2026-07-07,2026-06-01,2025-12-01,history_or_estimate,4.26,3303.456,747.85252684,709.31045347,14.735878875,14.366638821
2026,2026-07-07,2026-06-01,2026-01-01,history_or_estimate,7.72,2402.08,876.16002524,836.19708804,10.120418045,10.504230512
2026,2026-07-07,2026-06-01,2026-02-01,history_or_estimate,3.62,1902.906,653.10106227,656.92960061,13.729207031,15.856354275
2026,2026-07-07,2026-06-01,2026-03-01,history_or_estimate,3.04,1906.101,401.81017808,530.32252429,59.831682526,29.717498077
2026,2026-07-07,2026-06-01,2026-04-01,history_or_estimate,2.77,2209.789,238.57497612,312.69766166,65.698741803,44.676717701
2026,2026-07-07,2026-06-01,2026-05-01,history_or_estimate,2.94,2623.4464286,139.7301887,137.41564421,118.32902664,125.12211407
2026,2026-07-07,2026-06-01,2026-06-01,history_or_estimate,3.14,2960.2914286,19.756533765,25.184539561,270.72328313,257.66522225
2026,2026-07-07,2026-06-01,2026-07-01,forecast,3.364602,3148.748,6.8015303435,4.540641,361.74810541,380.4712
2026,2026-07-07,2026-06-01,2026-08-01,forecast,3.396875,3289.908,11.092743345,8.70888,369.04406189,341.2346
2026,2026-07-07,2026-06-01,2026-09-01,forecast,3.349217,3629.24,55.176993802,42.76902,208.13500083,207.295
2026,2026-07-07,2026-06-01,2026-10-01,forecast,3.304471,3966.001,236.96407425,219.4197,72.86293231,77.75926
2026,2026-07-07,2026-06-01,2026-11-01,forecast,3.414232,3885.683,479.1423837,493.877,21.955203193,23.77155
2026,2026-07-07,2026-06-01,2026-12-01,forecast,3.980175,3348.363,714.03175545,725.9134,11.870613326,13.22816
2026,2026-07-07,2026-06-01,2027-01-01,forecast,4.165068,2570.315,791.28709558,836.574,11.444992025,10.78281
2026,2026-07-07,2026-06-01,2027-02-01,forecast,3.947776,2025.236,644.41544558,659.2783,13.020580499,16.12337
2026,2026-07-07,2026-06-01,2027-03-01,forecast,3.382279,1893.468,525.79199168,525.4141,27.072342047,32.20889
2026,2026-07-07,2026-06-01,2027-04-01,forecast,2.978472,2184.089,297.86079504,305.5285,45.367767473,47.03759
2026,2026-07-07,2026-06-01,2027-05-01,forecast,2.92433,2650.608,134.36300766,136.3277,135.36131307,127.2608
2026,2026-07-07,2026-06-01,2027-06-01,forecast,3.070061,2968.115,30.796656332,25.08728,273.43920044,257.7188
2026,2026-07-07,2026-06-01,2027-07-01,forecast,3.268815,3117.385,7.2069842268,4.655568,403.5610933,378.3156
2026,2026-07-07,2026-06-01,2027-08-01,forecast,3.388462,3222.718,11.062753102,9.180296,371.71863439,341.9788
2026,2026-07-07,2026-06-01,2027-09-01,forecast,3.433138,3500.852,54.98539518,44.40856,209.68438302,206.2256
2026,2026-07-07,2026-06-01,2027-10-01,forecast,3.424882,3876.949,236.00878215,223.303,73.4387569,76.46051
2026,2026-07-07,2026-06-01,2027-11-01,forecast,3.711149,3827.311,477.18523782,499.8869,22.12837989,23.43589
2026,2026-07-07,2026-06-01,2027-12-01,forecast,4.190295,3245.036,711.07400072,718.868,11.958623503,12.77675
